time_ms,node_id,name,type,ecef_x,ecef_y,ecef_z,altitude_km,orbit_id,ip,norad_id,distance_km,radius_km
60000,SAT_67311,STARLINK-36495,SAT,-1583502.21,5691798.19,3480840.76,484.53,-1,10.0.3.246,67311,513.74,6857.134844907131
60000,SAT_56544,STARLINK-6226,SAT,-1506885.81,5792624.28,3468490.63,545.03,-1,10.0.3.189,56544,548.43,6917.776242696975
60000,SAT_64921,STARLINK-34699,SAT,-1706405.71,5790323.76,3235654.19,475.68,-1,10.0.3.151,64921,567.19,6849.023852346092
60000,SAT_55452,STARLINK-5683,SAT,-1393875.86,5896049.01,3370618.04,560.0,-1,10.0.3.117,55452,570.79,6933.062080566289
60000,SAT_57919,STARLINK-30496,SAT,-1661119.58,5665319.27,3547458.39,515.2,-1,10.0.3.34,57919,580.76,6887.642682287903
60000,SAT_67334,STARLINK-35343,SAT,-1620820.82,5581803.22,3636277.89,484.0,-1,10.0.3.14,67334,586.83,6856.099781264177
60000,SAT_62528,STARLINK-32786,SAT,-1108496.19,5781432.36,3516289.57,484.47,-1,10.0.3.53,62528,588.08,6856.968446521428
60000,SAT_56555,STARLINK-6252,SAT,-1712624.01,5797109.74,3355065.0,540.38,-1,10.0.3.200,56555,601.63,6913.466821462033
60000,SAT_66405,STARLINK-35683,SAT,-1431369.04,5548477.29,3750446.16,476.67,-1,10.0.3.105,66405,615.55,6848.376739445269
60000,SAT_51809,STARLINK-3607,SAT,-1387593.15,5662636.78,3715193.07,541.35,-1,10.0.3.44,51809,622.91,6913.286454321976
61000,SAT_67311,STARLINK-36495,SAT,-1588774.18,5688199.2,3484309.98,484.53,-1,10.0.3.246,67311,513.74,6857.129834751775
61000,SAT_56544,STARLINK-6226,SAT,-1513187.84,5793087.33,3464980.13,545.03,-1,10.0.3.189,56544,548.43,6917.780392107372
61000,SAT_64921,STARLINK-34699,SAT,-1710212.96,5786435.19,3240579.11,475.68,-1,10.0.3.151,64921,567.19,6849.015516465902
61000,SAT_55452,STARLINK-5683,SAT,-1399157.67,5892718.26,3374242.54,560.0,-1,10.0.3.117,55452,570.79,6933.057290690947
61000,SAT_57919,STARLINK-30496,SAT,-1666360.7,5661644.85,3550855.37,515.2,-1,10.0.3.34,57919,580.76,6887.637784370912
61000,SAT_67334,STARLINK-35343,SAT,-1627304.6,5582050.82,3633008.66,483.99,-1,10.0.3.14,67334,586.83,6856.1041081563835
61000,SAT_62528,STARLINK-32786,SAT,-1114841.83,5782301.95,3512860.57,484.47,-1,10.0.3.53,62528,588.08,6856.972913112044
61000,SAT_56555,STARLINK-6252,SAT,-1718867.35,5797372.51,3351425.18,540.38,-1,10.0.3.200,56555,601.63,6913.471177616766
61000,SAT_66405,STARLINK-35683,SAT,-1436989.18,5550041.28,3745993.91,476.67,-1,10.0.3.105,66405,615.55,6848.3842245378
61000,SAT_51809,STARLINK-3607,SAT,-1391731.89,5658652.61,3719698.05,541.35,-1,10.0.3.44,51809,622.91,6913.278570799573
62000,SAT_67311,STARLINK-36495,SAT,-1594044.71,5684593.98,3487774.88,484.54,-1,10.0.3.246,67311,513.74,6857.124825208467
62000,SAT_56544,STARLINK-6226,SAT,-1519487.99,5793544.36,3461465.44,545.02,-1,10.0.3.189,56544,548.43,6917.784543866371
62000,SAT_64921,STARLINK-34699,SAT,-1714018.66,5782540.02,3245500.0,475.69,-1,10.0.3.151,64921,567.19,6849.007176206621
62000,SAT_55452,STARLINK-5683,SAT,-1404438.31,5889381.27,3377862.99,560.01,-1,10.0.3.117,55452,570.79,6933.052508760785
62000,SAT_57919,STARLINK-30496,SAT,-1671600.33,5657964.32,3554248.01,515.21,-1,10.0.3.34,57919,580.76,6887.632889914947
62000,SAT_67334,STARLINK-35343,SAT,-1633786.34,5582292.5,3629734.92,483.98,-1,10.0.3.14,67334,586.83,6856.1084406384825
62000,SAT_62528,STARLINK-32786,SAT,-1121185.97,5783165.34,3509427.22,484.46,-1,10.0.3.53,62528,588.08,6856.977376481497
62000,SAT_56555,STARLINK-6252,SAT,-1725108.59,5797629.23,3347781.31,540.37,-1,10.0.3.200,56555,601.63,6913.475539511765
62000,SAT_66405,STARLINK-35683,SAT,-1442607.33,5551599.24,3741537.0,476.66,-1,10.0.3.105,66405,615.55,6848.39172014184
62000,SAT_51809,STARLINK-3607,SAT,-1395869.54,5654662.26,3724198.53,541.36,-1,10.0.3.44,51809,622.91,6913.270697594756
63000,SAT_67311,STARLINK-36495,SAT,-1599313.81,5680982.54,3491235.46,484.55,-1,10.0.3.246,67311,513.74,6857.119826851721
63000,SAT_56544,STARLINK-6226,SAT,-1525786.24,5793995.36,3457946.59,545.01,-1,10.0.3.189,56544,548.43,6917.788700239947
63000,SAT_64921,STARLINK-34699,SAT,-1717822.82,5778638.27,3250416.85,475.7,-1,10.0.3.151,64921,567.19,6848.998846195352
63000,SAT_55452,STARLINK-5683,SAT,-1409717.75,5886038.03,3381479.39,560.02,-1,10.0.3.117,55452,570.79,6933.047720178055
63000,SAT_57919,STARLINK-30496,SAT,-1676838.47,5654277.68,3557636.31,515.22,-1,10.0.3.34,57919,580.76,6887.627998901257
63000,SAT_67334,STARLINK-35343,SAT,-1640266.03,5582528.24,3626456.68,483.98,-1,10.0.3.14,67334,586.83,6856.112765371212
63000,SAT_62528,STARLINK-32786,SAT,-1127528.61,5784022.55,3505989.51,484.45,-1,10.0.3.53,62528,588.08,6856.981848416041
63000,SAT_56555,STARLINK-6252,SAT,-1731347.72,5797879.91,3344133.39,540.36,-1,10.0.3.200,56555,601.63,6913.479913071543
63000,SAT_66405,STARLINK-35683,SAT,-1448223.46,5553151.16,3737075.44,476.65,-1,10.0.3.105,66405,615.55,6848.399217346701
63000,SAT_51809,STARLINK-3607,SAT,-1400006.09,5650665.72,3728694.52,541.37,-1,10.0.3.44,51809,622.91,6913.262829858144
64000,SAT_67311,STARLINK-36495,SAT,-1604581.47,5677364.87,3494691.71,484.55,-1,10.0.3.246,67311,513.74,6857.114823956224
64000,SAT_56544,STARLINK-6226,SAT,-1532082.61,5794440.34,3454423.55,545.01,-1,10.0.3.189,56544,548.43,6917.792859032304
64000,SAT_64921,STARLINK-34699,SAT,-1721625.42,5774729.93,3255329.65,475.7,-1,10.0.3.151,64921,567.19,6848.990508198788
64000,SAT_55452,STARLINK-5683,SAT,-1414996.01,5882688.56,3385091.73,560.02,-1,10.0.3.117,55452,570.79,6933.042941074661
64000,SAT_57919,STARLINK-30496,SAT,-1682075.11,5650584.95,3561020.25,515.22,-1,10.0.3.34,57919,580.76,6887.623114961944
64000,SAT_67334,STARLINK-35343,SAT,-1646743.68,5582758.07,3623173.94,483.97,-1,10.0.3.14,67334,586.83,6856.117109214602
64000,SAT_62528,STARLINK-32786,SAT,-1133869.73,5784873.56,3502547.47,484.45,-1,10.0.3.53,62528,588.08,6856.98632413692
64000,SAT_56555,STARLINK-6252,SAT,-1737584.73,5798124.52,3340481.43,540.36,-1,10.0.3.200,56555,601.63,6913.484275495912
64000,SAT_66405,STARLINK-35683,SAT,-1453837.59,5554697.05,3732609.23,476.64,-1,10.0.3.105,66405,615.55,6848.40672852138
64000,SAT_51809,STARLINK-3607,SAT,-1404141.55,5646663.0,3733185.99,541.37,-1,10.0.3.44,51809,622.91,6913.254961589199
65000,SAT_67311,STARLINK-36495,SAT,-1609847.68,5673740.99,3498143.64,484.56,-1,10.0.3.246,67311,513.74,6857.109835818587
65000,SAT_56544,STARLINK-6226,SAT,-1538377.07,5794879.3,3450896.35,545.0,-1,10.0.3.189,56544,548.43,6917.797028643844
65000,SAT_64921,STARLINK-34699,SAT,-1725426.47,5770815.02,3260238.41,475.71,-1,10.0.3.151,64921,567.19,6848.982186315978
65000,SAT_55452,STARLINK-5683,SAT,-1420273.07,5879332.85,3388700.02,560.03,-1,10.0.3.117,55452,570.79,6933.038163749306
65000,SAT_57919,STARLINK-30496,SAT,-1687310.24,5646886.11,3564399.84,515.23,-1,10.0.3.34,57919,580.76,6887.6182243727635
65000,SAT_67334,STARLINK-35343,SAT,-1653219.26,5582981.96,3619886.71,483.97,-1,10.0.3.14,67334,586.83,6856.12144587266
65000,SAT_62528,STARLINK-32786,SAT,-1140209.34,5785718.38,3499101.08,484.44,-1,10.0.3.53,62528,588.08,6856.990803534027
65000,SAT_56555,STARLINK-6252,SAT,-1743819.63,5798363.09,3336825.43,540.35,-1,10.0.3.200,56555,601.63,6913.488654488584
65000,SAT_66405,STARLINK-35683,SAT,-1459449.69,5556236.89,3728138.38,476.63,-1,10.0.3.105,66405,615.55,6848.414236585502
65000,SAT_51809,STARLINK-3607,SAT,-1408275.9,5642654.1,3737672.96,541.38,-1,10.0.3.44,51809,622.91,6913.247099495488
66000,SAT_67311,STARLINK-36495,SAT,-1615112.45,5670110.89,3501591.23,484.56,-1,10.0.3.246,67311,513.74,6857.1048462929675
66000,SAT_56544,STARLINK-6226,SAT,-1544669.63,5795312.23,3447364.98,544.99,-1,10.0.3.189,56544,548.43,6917.801197950279
66000,SAT_64921,STARLINK-34699,SAT,-1729225.96,5766893.54,3265143.11,475.71,-1,10.0.3.151,64921,567.19,6848.973868486586
66000,SAT_55452,STARLINK-5683,SAT,-1425548.93,5875970.91,3392304.24,560.03,-1,10.0.3.117,55452,570.79,6933.033386888625
66000,SAT_57919,STARLINK-30496,SAT,-1692543.87,5643181.19,3567775.08,515.23,-1,10.0.3.34,57919,580.76,6887.613354168003
66000,SAT_67334,STARLINK-35343,SAT,-1659692.77,5583199.93,3616595.0,483.96,-1,10.0.3.14,67334,586.83,6856.125796918204
66000,SAT_62528,STARLINK-32786,SAT,-1146547.41,5786557.0,3495650.35,484.43,-1,10.0.3.53,62528,588.08,6856.995278333056
66000,SAT_56555,STARLINK-6252,SAT,-1750052.39,5798595.6,3333165.39,540.34,-1,10.0.3.200,56555,601.63,6913.493025756077
66000,SAT_66405,STARLINK-35683,SAT,-1465059.77,5557770.7,3723662.9,476.63,-1,10.0.3.105,66405,615.55,6848.421765362247
66000,SAT_51809,STARLINK-3607,SAT,-1412409.15,5638639.04,3742155.4,541.39,-1,10.0.3.44,51809,622.91,6913.2392456911975
67000,SAT_67311,STARLINK-36495,SAT,-1620375.75,5666474.58,3505034.47,484.57,-1,10.0.3.246,67311,513.74,6857.099851457789
67000,SAT_56544,STARLINK-6226,SAT,-1550960.28,5795739.13,3443829.45,544.99,-1,10.0.3.189,56544,548.43,6917.805369756953
67000,SAT_64921,STARLINK-34699,SAT,-1733023.88,5762965.48,3270043.75,475.72,-1,10.0.3.151,64921,567.19,6848.965543732568
67000,SAT_55452,STARLINK-5683,SAT,-1430823.58,5872602.75,3395904.4,560.04,-1,10.0.3.117,55452,570.79,6933.028621773527
67000,SAT_57919,STARLINK-30496,SAT,-1697775.98,5639470.18,3571145.95,515.24,-1,10.0.3.34,57919,580.76,6887.608480857169
67000,SAT_67334,STARLINK-35343,SAT,-1666164.22,5583411.97,3613298.8,483.95,-1,10.0.3.14,67334,586.83,6856.130151392178
67000,SAT_62528,STARLINK-32786,SAT,-1152883.96,5787389.43,3492195.29,484.43,-1,10.0.3.53,62528,588.08,6856.999765436716
67000,SAT_56555,STARLINK-6252,SAT,-1756283.02,5798822.06,3329501.32,540.34,-1,10.0.3.200,56555,601.63,6913.497405059519
67000,SAT_66405,STARLINK-35683,SAT,-1470667.81,5559298.45,3719182.78,476.62,-1,10.0.3.105,66405,615.55,6848.429280834484
67000,SAT_51809,STARLINK-3607,SAT,-1416541.3,5634617.81,3746633.32,541.4,-1,10.0.3.44,51809,622.91,6913.231397393632
68000,SAT_67311,STARLINK-36495,SAT,-1625637.59,5662832.07,3508473.38,484.58,-1,10.0.3.246,67311,513.74,6857.0948721167715
68000,SAT_56544,STARLINK-6226,SAT,-1557249.0,5796160.01,3440289.77,544.98,-1,10.0.3.189,56544,548.43,6917.809552964785
68000,SAT_64921,STARLINK-34699,SAT,-1736820.24,5759030.86,3274940.32,475.73,-1,10.0.3.151,64921,567.19,6848.957226619809
68000,SAT_55452,STARLINK-5683,SAT,-1436097.02,5869228.36,3399500.48,560.05,-1,10.0.3.117,55452,570.79,6933.023850110528
68000,SAT_57919,STARLINK-30496,SAT,-1703006.58,5635753.08,3574512.45,515.25,-1,10.0.3.34,57919,580.76,6887.603606876472
68000,SAT_67334,STARLINK-35343,SAT,-1672633.58,5583618.09,3609998.12,483.95,-1,10.0.3.14,67334,586.83,6856.134515477537
68000,SAT_62528,STARLINK-32786,SAT,-1159218.97,5788215.66,3488735.91,484.42,-1,10.0.3.53,62528,588.08,6857.004258187436
68000,SAT_56555,STARLINK-6252,SAT,-1762511.51,5799042.47,3325833.23,540.33,-1,10.0.3.200,56555,601.63,6913.501794714341
68000,SAT_66405,STARLINK-35683,SAT,-1476273.81,5560820.16,3714698.04,476.61,-1,10.0.3.105,66405,615.55,6848.436810129315
68000,SAT_51809,STARLINK-3607,SAT,-1420672.32,5630590.42,3751106.71,541.4,-1,10.0.3.44,51809,622.91,6913.2235511675
69000,SAT_67311,STARLINK-36495,SAT,-1630897.96,5659183.36,3511907.94,484.58,-1,10.0.3.246,67311,513.74,6857.089895653118
69000,SAT_56544,STARLINK-6226,SAT,-1563535.8,5796574.85,3436745.93,544.97,-1,10.0.3.189,56544,548.43,6917.813728115677
69000,SAT_64921,STARLINK-34699,SAT,-1740615.03,5755089.68,3279832.82,475.73,-1,10.0.3.151,64921,567.19,6848.948914589271
69000,SAT_55452,STARLINK-5683,SAT,-1441369.25,5865847.76,3403092.49,560.05,-1,10.0.3.117,55452,570.79,6933.019093716458
69000,SAT_57919,STARLINK-30496,SAT,-1708235.65,5632029.91,3577874.58,515.25,-1,10.0.3.34,57919,580.76,6887.598743631608
69000,SAT_67334,STARLINK-35343,SAT,-1679100.85,5583818.27,3606692.97,483.94,-1,10.0.3.14,67334,586.83,6856.138878166335
69000,SAT_62528,STARLINK-32786,SAT,-1165552.43,5789035.69,3485272.2,484.42,-1,10.0.3.53,62528,588.08,6857.008749831484
69000,SAT_56555,STARLINK-6252,SAT,-1768737.85,5799256.82,3322161.11,540.32,-1,10.0.3.200,56555,601.63,6913.5061790046575
69000,SAT_66405,STARLINK-35683,SAT,-1481877.78,5562335.82,3710208.68,476.6,-1,10.0.3.105,66405,615.55,6848.444347328826
69000,SAT_51809,STARLINK-3607,SAT,-1424802.24,5626556.88,3755575.56,541.41,-1,10.0.3.44,51809,622.91,6913.215715848427
70000,SAT_67311,STARLINK-36495,SAT,-1636156.86,5655528.46,3515338.14,484.59,-1,10.0.3.246,67311,513.74,6857.084925165626
70000,SAT_56544,STARLINK-6226,SAT,-1569820.66,5796983.67,3433197.95,544.97,-1,10.0.3.189,56544,548.43,6917.817917428422
70000,SAT_64921,STARLINK-34699,SAT,-1744408.24,5751141.95,3284721.24,475.74,-1,10.0.3.151,64921,567.19,6848.9406086880945
70000,SAT_55452,STARLINK-5683,SAT,-1446640.25,5862460.94,3406680.41,560.06,-1,10.0.3.117,55452,570.79,6933.014330132566
70000,SAT_57919,STARLINK-30496,SAT,-1713463.18,5628300.66,3581232.34,515.26,-1,10.0.3.34,57919,580.76,6887.59388042254
70000,SAT_67334,STARLINK-35343,SAT,-1685566.03,5584012.52,3603383.35,483.93,-1,10.0.3.14,67334,586.83,6856.143247633026
70000,SAT_62528,STARLINK-32786,SAT,-1171884.33,5789849.52,3481804.17,484.41,-1,10.0.3.53,62528,588.08,6857.013243779916
70000,SAT_56555,STARLINK-6252,SAT,-1774962.04,5799465.12,3318484.98,540.32,-1,10.0.3.200,56555,601.63,6913.51057596813
70000,SAT_66405,STARLINK-35683,SAT,-1487479.69,5563845.43,3705714.7,476.6,-1,10.0.3.105,66405,615.55,6848.451886002446
70000,SAT_51809,STARLINK-3607,SAT,-1428931.02,5622517.18,3760039.88,541.42,-1,10.0.3.44,51809,622.91,6913.207880463585
71000,SAT_67311,STARLINK-36495,SAT,-1641414.28,5651867.36,3518763.99,484.59,-1,10.0.3.246,67311,513.74,6857.079955122444
71000,SAT_56544,STARLINK-6226,SAT,-1576103.58,5797386.46,3429645.82,544.96,-1,10.0.3.189,56544,548.43,6917.822107580074
71000,SAT_64921,STARLINK-34699,SAT,-1748199.87,5747187.67,3289605.57,475.75,-1,10.0.3.151,64921,567.19,6848.932304077992
71000,SAT_55452,STARLINK-5683,SAT,-1451910.03,5859067.92,3410264.26,560.06,-1,10.0.3.117,55452,570.79,6933.009588152973
71000,SAT_57919,STARLINK-30496,SAT,-1718689.19,5624565.34,3584585.72,515.26,-1,10.0.3.34,57919,580.76,6887.589025180008
71000,SAT_67334,STARLINK-35343,SAT,-1692029.1,5584200.85,3600069.26,483.93,-1,10.0.3.14,67334,586.83,6856.147627143429
71000,SAT_62528,STARLINK-32786,SAT,-1178214.68,5790657.15,3478331.83,484.4,-1,10.0.3.53,62528,588.08,6857.017746849192
71000,SAT_56555,STARLINK-6252,SAT,-1781184.06,5799667.36,3314804.83,540.31,-1,10.0.3.200,56555,601.63,6913.514967311403
71000,SAT_66405,STARLINK-35683,SAT,-1493079.54,5565348.99,3701216.11,476.59,-1,10.0.3.105,66405,615.55,6848.459431593661
71000,SAT_51809,STARLINK-3607,SAT,-1433058.69,5618471.34,3764499.64,541.42,-1,10.0.3.44,51809,622.91,6913.200051130159
72000,SAT_67311,STARLINK-36495,SAT,-1646670.21,5648200.07,3522185.48,484.6,-1,10.0.3.246,67311,513.74,6857.074986229353
72000,SAT_56544,STARLINK-6226,SAT,-1582384.56,5797783.21,3426089.55,544.95,-1,10.0.3.189,56544,548.43,6917.826295195875
72000,SAT_64921,STARLINK-34699,SAT,-1751989.93,5743226.84,3294485.81,475.75,-1,10.0.3.151,64921,567.19,6848.924003287608
72000,SAT_55452,STARLINK-5683,SAT,-1457178.57,5855668.68,3413844.01,560.07,-1,10.0.3.117,55452,570.79,6933.004831919062
72000,SAT_57919,STARLINK-30496,SAT,-1723913.65,5620823.96,3587934.71,515.27,-1,10.0.3.34,57919,580.76,6887.584173365083
72000,SAT_67334,STARLINK-35343,SAT,-1698490.07,5584383.24,3596750.71,483.92,-1,10.0.3.14,67334,586.83,6856.1520081578565
72000,SAT_62528,STARLINK-32786,SAT,-1184543.46,5791458.57,3474855.17,484.4,-1,10.0.3.53,62528,588.08,6857.02224213477
72000,SAT_56555,STARLINK-6252,SAT,-1787403.92,5799863.54,3311120.68,540.3,-1,10.0.3.200,56555,601.63,6913.519365227551
72000,SAT_66405,STARLINK-35683,SAT,-1498677.33,5566846.49,3696712.93,476.58,-1,10.0.3.105,66405,615.55,6848.466986816132
72000,SAT_51809,STARLINK-3607,SAT,-1437185.22,5614419.35,3768954.86,541.43,-1,10.0.3.44,51809,622.91,6913.1922243604995
73000,SAT_67311,STARLINK-36495,SAT,-1651924.66,5644526.6,3525602.61,484.61,-1,10.0.3.246,67311,513.74,6857.0700291059065
73000,SAT_56544,STARLINK-6226,SAT,-1588663.58,5798173.94,3422529.15,544.95,-1,10.0.3.189,56544,548.43,6917.830497454622
73000,SAT_64921,STARLINK-34699,SAT,-1755778.39,5739259.47,3299361.95,475.76,-1,10.0.3.151,64921,567.19,6848.915702203049
73000,SAT_55452,STARLINK-5683,SAT,-1462445.87,5852263.25,3417419.67,560.08,-1,10.0.3.117,55452,570.79,6933.0000916546605
73000,SAT_57919,STARLINK-30496,SAT,-1729136.56,5617076.51,3591279.32,515.28,-1,10.0.3.34,57919,580.76,6887.579321981132
73000,SAT_67334,STARLINK-35343,SAT,-1704948.91,5584559.7,3593427.7,483.91,-1,10.0.3.14,67334,586.83,6856.156391426728
73000,SAT_62528,STARLINK-32786,SAT,-1190870.66,5792253.8,3471374.21,484.39,-1,10.0.3.53,62528,588.08,6857.02675496577
73000,SAT_56555,STARLINK-6252,SAT,-1793621.6,5800053.67,3307432.52,540.3,-1,10.0.3.200,56555,601.63,6913.523768182227
73000,SAT_66405,STARLINK-35683,SAT,-1504273.05,5568337.93,3692205.14,476.57,-1,10.0.3.105,66405,615.55,6848.474538718488
73000,SAT_51809,STARLINK-3607,SAT,-1441310.62,5610361.23,3773405.52,541.44,-1,10.0.3.44,51809,622.91,6913.184407548983
74000,SAT_67311,STARLINK-36495,SAT,-1657177.6,5640846.95,3529015.36,484.61,-1,10.0.3.246,67311,513.74,6857.065066220532
74000,SAT_56544,STARLINK-6226,SAT,-1594940.64,5798558.63,3418964.61,544.94,-1,10.0.3.189,56544,548.43,6917.834692669631
74000,SAT_64921,STARLINK-34699,SAT,-1759565.27,5735285.56,3304233.99,475.77,-1,10.0.3.151,64921,567.19,6848.907405915633
74000,SAT_55452,STARLINK-5683,SAT,-1467711.93,5848851.61,3420991.23,560.08,-1,10.0.3.117,55452,570.79,6932.9953455199175
74000,SAT_57919,STARLINK-30496,SAT,-1734357.92,5613323.01,3594619.54,515.28,-1,10.0.3.34,57919,580.76,6887.574482109939
74000,SAT_67334,STARLINK-35343,SAT,-1711405.64,5584730.23,3590100.23,483.91,-1,10.0.3.14,67334,586.83,6856.160781949743
74000,SAT_62528,STARLINK-32786,SAT,-1197196.29,5793042.82,3467888.95,484.38,-1,10.0.3.53,62528,588.08,6857.031270212747
74000,SAT_56555,STARLINK-6252,SAT,-1799837.11,5800237.74,3303740.36,540.29,-1,10.0.3.200,56555,601.63,6913.528175204495
74000,SAT_66405,STARLINK-35683,SAT,-1509866.7,5569823.32,3687692.76,476.57,-1,10.0.3.105,66405,615.55,6848.482106272976
74000,SAT_51809,STARLINK-3607,SAT,-1445434.89,5606296.97,3777851.62,541.45,-1,10.0.3.44,51809,622.91,6913.176592551149
75000,SAT_67311,STARLINK-36495,SAT,-1662429.05,5637161.13,3532423.74,484.62,-1,10.0.3.246,67311,513.74,6857.060115733445
75000,SAT_56544,STARLINK-6226,SAT,-1601215.74,5798937.29,3415395.95,544.93,-1,10.0.3.189,56544,548.43,6917.838899154323
75000,SAT_64921,STARLINK-34699,SAT,-1763350.55,5731305.12,3309101.91,475.77,-1,10.0.3.151,64921,567.19,6848.899107994596
75000,SAT_55452,STARLINK-5683,SAT,-1472976.74,5845433.78,3424558.69,560.09,-1,10.0.3.117,55452,570.79,6932.990608258505
75000,SAT_57919,STARLINK-30496,SAT,-1739577.73,5609563.45,3597955.36,515.29,-1,10.0.3.34,57919,580.76,6887.569640362309
75000,SAT_67334,STARLINK-35343,SAT,-1717860.23,5584894.83,3586768.32,483.9,-1,10.0.3.14,67334,586.83,6856.165182763029
75000,SAT_62528,STARLINK-32786,SAT,-1203520.32,5793825.63,3464399.39,484.38,-1,10.0.3.53,62528,588.08,6857.035782678269
75000,SAT_56555,STARLINK-6252,SAT,-1806050.42,5800415.75,3300044.2,540.28,-1,10.0.3.200,56555,601.63,6913.532578529148
75000,SAT_66405,STARLINK-35683,SAT,-1515458.27,5571302.64,3683175.8,476.56,-1,10.0.3.105,66405,615.55,6848.48967643874
75000,SAT_51809,STARLINK-3607,SAT,-1449558.01,5602226.59,3782293.15,541.45,-1,10.0.3.44,51809,622.91,6913.1687859183
76000,SAT_67311,STARLINK-36495,SAT,-1667678.98,5633469.13,3535827.75,484.62,-1,10.0.3.246,67311,513.74,6857.0551621426275
76000,SAT_56544,STARLINK-6226,SAT,-1607488.86,5799309.91,3411823.17,544.93,-1,10.0.3.189,56544,548.43,6917.843103930383
76000,SAT_64921,STARLINK-34699,SAT,-1767134.24,5727318.16,3313965.73,475.78,-1,10.0.3.151,64921,567.19,6848.890829007321
76000,SAT_55452,STARLINK-5683,SAT,-1478240.3,5842009.76,3428122.04,560.1,-1,10.0.3.117,55452,570.79,6932.985874903619
76000,SAT_57919,STARLINK-30496,SAT,-1744795.97,5605797.84,3601286.79,515.29,-1,10.0.3.34,57919,580.76,6887.564805045787
76000,SAT_67334,STARLINK-35343,SAT,-1724312.69,5585053.49,3583431.96,483.89,-1,10.0.3.14,67334,586.83,6856.169583011031
76000,SAT_62528,STARLINK-32786,SAT,-1209842.77,5794602.24,3460905.54,484.37,-1,10.0.3.53,62528,588.08,6857.0403094000385
76000,SAT_56555,STARLINK-6252,SAT,-1812261.54,5800587.71,3296344.05,540.28,-1,10.0.3.200,56555,601.63,6913.5369939515485
76000,SAT_66405,STARLINK-35683,SAT,-1521047.75,5572775.89,3678654.26,476.55,-1,10.0.3.105,66405,615.55,6848.497247028833
76000,SAT_51809,STARLINK-3607,SAT,-1453679.98,5598150.08,3786730.11,541.46,-1,10.0.3.44,51809,622.91,6913.160979496819
77000,SAT_67311,STARLINK-36495,SAT,-1672927.41,5629770.97,3539227.37,484.63,-1,10.0.3.246,67311,513.74,6857.050216408012
77000,SAT_56544,STARLINK-6226,SAT,-1613760.0,5799676.5,3408246.27,544.92,-1,10.0.3.189,56544,548.43,6917.8473154024705
77000,SAT_64921,STARLINK-34699,SAT,-1770916.32,5723324.67,3318825.41,475.78,-1,10.0.3.151,64921,567.19,6848.882536059049
77000,SAT_55452,STARLINK-5683,SAT,-1483502.59,5838579.55,3431681.29,560.1,-1,10.0.3.117,55452,570.79,6932.981146112469
77000,SAT_57919,STARLINK-30496,SAT,-1750012.64,5602026.19,3604613.81,515.3,-1,10.0.3.34,57919,580.76,6887.559973811365
77000,SAT_67334,STARLINK-35343,SAT,-1730763.0,5585206.23,3580091.15,483.89,-1,10.0.3.14,67334,586.83,6856.173994007747
77000,SAT_62528,STARLINK-32786,SAT,-1216163.61,5795372.63,3457407.39,484.36,-1,10.0.3.53,62528,588.08,6857.044823192274
77000,SAT_56555,STARLINK-6252,SAT,-1818470.46,5800753.6,3292639.92,540.27,-1,10.0.3.200,56555,601.63,6913.54140687558
77000,SAT_66405,STARLINK-35683,SAT,-1526635.14,5574243.08,3674128.14,476.54,-1,10.0.3.105,66405,615.55,6848.504826219411
77000,SAT_51809,STARLINK-3607,SAT,-1457800.81,5594067.46,3791162.5,541.47,-1,10.0.3.44,51809,622.91,6913.153191567055
78000,SAT_67311,STARLINK-36495,SAT,-1678174.31,5626066.65,3542622.61,484.64,-1,10.0.3.246,67311,513.74,6857.04527634676
78000,SAT_56544,STARLINK-6226,SAT,-1620029.15,5800037.05,3404665.26,544.91,-1,10.0.3.189,56544,548.43,6917.851527813624
78000,SAT_64921,STARLINK-34699,SAT,-1774696.8,5719324.66,3323680.97,475.79,-1,10.0.3.151,64921,567.19,6848.874249740208
78000,SAT_55452,STARLINK-5683,SAT,-1488763.62,5835143.16,3435236.42,560.11,-1,10.0.3.117,55452,570.79,6932.976422520468
78000,SAT_57919,STARLINK-30496,SAT,-1755227.74,5598248.5,3607936.42,515.31,-1,10.0.3.34,57919,580.76,6887.555146623523
78000,SAT_67334,STARLINK-35343,SAT,-1737211.16,5585353.02,3576745.91,483.88,-1,10.0.3.14,67334,586.83,6856.178401788666
78000,SAT_62528,STARLINK-32786,SAT,-1222482.84,5796136.82,3453904.96,484.36,-1,10.0.3.53,62528,588.08,6857.049351066885
78000,SAT_56555,STARLINK-6252,SAT,-1824677.18,5800913.44,3288931.81,540.27,-1,10.0.3.200,56555,601.63,6913.545834115463
78000,SAT_66405,STARLINK-35683,SAT,-1532220.43,5575704.2,3669597.45,476.54,-1,10.0.3.105,66405,615.55,6848.512409060345
78000,SAT_51809,STARLINK-3607,SAT,-1461920.48,5589978.72,3795590.29,541.48,-1,10.0.3.44,51809,622.91,6913.145393338589
79000,SAT_67311,STARLINK-36495,SAT,-1683419.69,5622356.17,3546013.45,484.64,-1,10.0.3.246,67311,513.74,6857.040334036083
79000,SAT_56544,STARLINK-6226,SAT,-1626296.31,5800391.57,3401080.13,544.91,-1,10.0.3.189,56544,548.43,6917.855744660155
79000,SAT_64921,STARLINK-34699,SAT,-1778475.68,5715318.15,3328532.4,475.8,-1,10.0.3.151,64921,567.19,6848.865981892232
79000,SAT_55452,STARLINK-5683,SAT,-1494023.38,5831700.59,3438787.42,560.11,-1,10.0.3.117,55452,570.79,6932.971696995685
79000,SAT_57919,STARLINK-30496,SAT,-1760441.25,5594464.78,3611254.62,515.31,-1,10.0.3.34,57919,580.76,6887.550326482802
79000,SAT_67334,STARLINK-35343,SAT,-1743657.16,5585493.89,3573396.24,483.87,-1,10.0.3.14,67334,586.83,6856.182828286651
79000,SAT_62528,STARLINK-32786,SAT,-1228800.45,5796894.8,3450398.26,484.35,-1,10.0.3.53,62528,588.08,6857.0538878441275
79000,SAT_56555,STARLINK-6252,SAT,-1830881.68,5801067.21,3285219.71,540.26,-1,10.0.3.200,56555,601.63,6913.550248900292
79000,SAT_66405,STARLINK-35683,SAT,-1537803.61,5577159.25,3665062.2,476.53,-1,10.0.3.105,66405,615.55,6848.519998704715
79000,SAT_51809,STARLINK-3607,SAT,-1466038.99,5585883.87,3800013.5,541.48,-1,10.0.3.44,51809,622.91,6913.137603831465
80000,SAT_67311,STARLINK-36495,SAT,-1688663.54,5618639.54,3549399.91,484.65,-1,10.0.3.246,67311,513.74,6857.0354055440575
80000,SAT_56544,STARLINK-6226,SAT,-1632561.48,5800740.05,3397490.9,544.9,-1,10.0.3.189,56544,548.43,6917.859967449225
80000,SAT_64921,STARLINK-34699,SAT,-1782252.94,5711305.12,3333379.69,475.8,-1,10.0.3.151,64921,567.19,6848.857705747824
80000,SAT_55452,STARLINK-5683,SAT,-1499281.86,5828251.84,3442334.31,560.12,-1,10.0.3.117,55452,570.79,6932.9669772754305
80000,SAT_57919,STARLINK-30496,SAT,-1765653.19,5590675.02,3614568.4,515.32,-1,10.0.3.34,57919,580.76,6887.545505104684
80000,SAT_67334,STARLINK-35343,SAT,-1750100.99,5585628.82,3570042.13,483.87,-1,10.0.3.14,67334,586.83,6856.187249484112
80000,SAT_62528,STARLINK-32786,SAT,-1235116.45,5797646.57,3446887.27,484.34,-1,10.0.3.53,62528,588.08,6857.058425285686
80000,SAT_56555,STARLINK-6252,SAT,-1837083.95,5801214.92,3281503.65,540.25,-1,10.0.3.200,56555,601.63,6913.554671248469
80000,SAT_66405,STARLINK-35683,SAT,-1543384.68,5578608.23,3660522.39,476.52,-1,10.0.3.105,66405,615.55,6848.527595182321
80000,SAT_51809,STARLINK-3607,SAT,-1470156.34,5581782.92,3804432.12,541.49,-1,10.0.3.44,51809,622.91,6913.129825609643
81000,SAT_67311,STARLINK-36495,SAT,-1693905.86,5614916.76,3552781.96,484.65,-1,10.0.3.246,67311,513.74,6857.03047532769
81000,SAT_56544,STARLINK-6226,SAT,-1638824.63,5801082.5,3393897.57,544.89,-1,10.0.3.189,56544,548.43,6917.864197521717
81000,SAT_64921,STARLINK-34699,SAT,-1786028.59,5707285.59,3338222.82,475.81,-1,10.0.3.151,64921,567.19,6848.8494308232375
81000,SAT_55452,STARLINK-5683,SAT,-1504539.07,5824796.93,3445877.07,560.13,-1,10.0.3.117,55452,570.79,6932.962272394511
81000,SAT_57919,STARLINK-30496,SAT,-1770863.53,5586879.24,3617877.77,515.32,-1,10.0.3.34,57919,580.76,6887.540696278114
81000,SAT_67334,STARLINK-35343,SAT,-1756542.65,5585757.81,3566683.6,483.86,-1,10.0.3.14,67334,586.83,6856.191675832435
81000,SAT_62528,STARLINK-32786,SAT,-1241430.81,5798392.12,3443372.02,484.34,-1,10.0.3.53,62528,588.08,6857.062964667471
81000,SAT_56555,STARLINK-6252,SAT,-1843284.01,5801356.58,3277783.61,540.25,-1,10.0.3.200,56555,601.63,6913.559105396844
81000,SAT_66405,STARLINK-35683,SAT,-1548963.64,5580051.13,3655978.02,476.51,-1,10.0.3.105,66405,615.55,6848.535190402357
81000,SAT_51809,STARLINK-3607,SAT,-1474272.53,5577675.87,3808846.14,541.5,-1,10.0.3.44,51809,622.91,6913.1220531454355
82000,SAT_67311,STARLINK-36495,SAT,-1699146.64,5611187.84,3556159.61,484.66,-1,10.0.3.246,67311,513.74,6857.025554260571
82000,SAT_56544,STARLINK-6226,SAT,-1645085.77,5801418.9,3390300.15,544.89,-1,10.0.3.189,56544,548.43,6917.868425391143
82000,SAT_64921,STARLINK-34699,SAT,-1789802.61,5703259.57,3343061.81,475.82,-1,10.0.3.151,64921,567.19,6848.841169938159
82000,SAT_55452,STARLINK-5683,SAT,-1509794.98,5821335.84,3449415.7,560.13,-1,10.0.3.117,55452,570.79,6932.957559015358
82000,SAT_57919,STARLINK-30496,SAT,-1776072.28,5583077.43,3621182.71,515.33,-1,10.0.3.34,57919,580.76,6887.535883925596
82000,SAT_67334,STARLINK-35343,SAT,-1762982.13,5585880.87,3563320.65,483.85,-1,10.0.3.14,67334,586.83,6856.196112951242
82000,SAT_62528,STARLINK-32786,SAT,-1247743.54,5799131.46,3439852.49,484.33,-1,10.0.3.53,62528,588.08,6857.067506225431
82000,SAT_56555,STARLINK-6252,SAT,-1849481.82,5801492.17,3274059.62,540.24,-1,10.0.3.200,56555,601.63,6913.5635381759785
82000,SAT_66405,STARLINK-35683,SAT,-1554540.48,5581487.96,3651429.11,476.5,-1,10.0.3.105,66405,615.55,6848.542800986133
82000,SAT_51809,STARLINK-3607,SAT,-1478387.54,5573562.73,3813255.55,541.5,-1,10.0.3.44,51809,622.91,6913.11428469674
83000,SAT_67311,STARLINK-36495,SAT,-1704385.86,5607452.78,3559532.86,484.67,-1,10.0.3.246,67311,513.74,6857.02063735537
83000,SAT_56544,STARLINK-6226,SAT,-1651344.89,5801749.27,3386698.63,544.88,-1,10.0.3.189,56544,548.43,6917.872660588551
83000,SAT_64921,STARLINK-34699,SAT,-1793575.02,5699227.04,3347896.64,475.82,-1,10.0.3.151,64921,567.19,6848.832901886163
83000,SAT_55452,STARLINK-5683,SAT,-1515049.61,5817868.6,3452950.19,560.14,-1,10.0.3.117,55452,570.79,6932.952861677926
83000,SAT_57919,STARLINK-30496,SAT,-1781279.42,5579269.61,3624483.22,515.34,-1,10.0.3.34,57919,580.76,6887.5310790766425
83000,SAT_67334,STARLINK-35343,SAT,-1769419.42,5585997.99,3559953.28,483.85,-1,10.0.3.14,67334,586.83,6856.200550154577
83000,SAT_62528,STARLINK-32786,SAT,-1254054.63,5799864.58,3436328.71,484.32,-1,10.0.3.53,62528,588.08,6857.072054786451
83000,SAT_56555,STARLINK-6252,SAT,-1855677.4,5801621.7,3270331.66,540.23,-1,10.0.3.200,56555,601.63,6913.567973859808
83000,SAT_66405,STARLINK-35683,SAT,-1560115.18,5582918.7,3646875.66,476.5,-1,10.0.3.105,66405,615.55,6848.550406120741
83000,SAT_51809,STARLINK-3607,SAT,-1482501.38,5569443.49,3817660.35,541.51,-1,10.0.3.44,51809,622.91,6913.106514293514
84000,SAT_67311,STARLINK-36495,SAT,-1709623.54,5603711.58,3562901.69,484.67,-1,10.0.3.246,67311,513.74,6857.0157191706285
84000,SAT_56544,STARLINK-6226,SAT,-1657601.99,5802073.6,3383093.03,544.87,-1,10.0.3.189,56544,548.43,6917.876904564253
84000,SAT_64921,STARLINK-34699,SAT,-1797345.79,5695188.03,3352727.3,475.83,-1,10.0.3.151,64921,567.19,6848.824638874272
84000,SAT_55452,STARLINK-5683,SAT,-1520302.93,5814395.19,3456480.54,560.14,-1,10.0.3.117,55452,570.79,6932.948157015197
84000,SAT_57919,STARLINK-30496,SAT,-1786484.96,5575455.77,3627779.31,515.34,-1,10.0.3.34,57919,580.76,6887.526281445071
84000,SAT_67334,STARLINK-35343,SAT,-1775854.52,5586109.17,3556581.5,483.84,-1,10.0.3.14,67334,586.83,6856.204992669397
84000,SAT_62528,STARLINK-32786,SAT,-1260364.07,5800591.48,3432800.66,484.32,-1,10.0.3.53,62528,588.08,6857.076598528851
84000,SAT_56555,STARLINK-6252,SAT,-1861870.74,5801745.16,3266599.75,540.23,-1,10.0.3.200,56555,601.63,6913.572410899566
84000,SAT_66405,STARLINK-35683,SAT,-1565687.75,5584343.37,3642317.68,476.49,-1,10.0.3.105,66405,615.55,6848.558029731778
84000,SAT_51809,STARLINK-3607,SAT,-1486614.05,5565318.17,3822060.53,541.52,-1,10.0.3.44,51809,622.91,6913.09875251131
85000,SAT_67311,STARLINK-36495,SAT,-1714859.66,5599964.25,3566266.11,484.68,-1,10.0.3.246,67311,513.74,6857.010808078686
85000,SAT_56544,STARLINK-6226,SAT,-1663857.05,5802391.88,3379483.34,544.87,-1,10.0.3.189,56544,548.43,6917.881139284064
85000,SAT_64921,STARLINK-34699,SAT,-1801114.94,5691142.54,3357553.8,475.84,-1,10.0.3.151,64921,567.19,6848.816390996571
85000,SAT_55452,STARLINK-5683,SAT,-1525554.95,5810915.63,3460006.74,560.15,-1,10.0.3.117,55452,570.79,6932.943458971321
85000,SAT_57919,STARLINK-30496,SAT,-1791688.89,5571635.92,3631070.95,515.35,-1,10.0.3.34,57919,580.76,6887.521480730029
85000,SAT_67334,STARLINK-35343,SAT,-1782287.41,5586214.42,3553205.31,483.84,-1,10.0.3.14,67334,586.83,6856.209443495192
85000,SAT_62528,STARLINK-32786,SAT,-1266671.85,5801312.17,3429268.36,484.31,-1,10.0.3.53,62528,588.08,6857.081154125975
85000,SAT_56555,STARLINK-6252,SAT,-1868061.81,5801862.56,3262863.88,540.22,-1,10.0.3.200,56555,601.63,6913.576844913122
85000,SAT_66405,STARLINK-35683,SAT,-1571258.18,5585761.95,3637755.16,476.48,-1,10.0.3.105,66405,615.55,6848.56564795807
85000,SAT_51809,STARLINK-3607,SAT,-1490725.53,5561186.77,3826456.1,541.53,-1,10.0.3.44,51809,622.91,6913.091000547007
86000,SAT_67311,STARLINK-36495,SAT,-1720094.22,5596210.79,3569626.11,484.68,-1,10.0.3.246,67311,513.74,6857.005898858741
86000,SAT_56544,STARLINK-6226,SAT,-1670110.07,5802704.13,3375869.57,544.86,-1,10.0.3.189,56544,548.43,6917.885386437567
86000,SAT_64921,STARLINK-34699,SAT,-1804882.45,5687090.57,3362376.11,475.84,-1,10.0.3.151,64921,567.19,6848.808138267538
86000,SAT_55452,STARLINK-5683,SAT,-1530805.67,5807429.91,3463528.8,560.16,-1,10.0.3.117,55452,570.79,6932.938764138638
86000,SAT_57919,STARLINK-30496,SAT,-1796891.2,5567810.07,3634358.16,515.35,-1,10.0.3.34,57919,580.76,6887.516692930002
86000,SAT_67334,STARLINK-35343,SAT,-1788718.1,5586313.73,3549824.71,483.83,-1,10.0.3.14,67334,586.83,6856.213897114115
86000,SAT_62528,STARLINK-32786,SAT,-1272977.97,5802026.64,3425731.81,484.3,-1,10.0.3.53,62528,588.08,6857.085713145264
86000,SAT_56555,STARLINK-6252,SAT,-1874250.63,5801973.9,3259124.07,540.21,-1,10.0.3.200,56555,601.63,6913.581290763129
86000,SAT_66405,STARLINK-35683,SAT,-1576826.47,5587174.44,3633188.12,476.47,-1,10.0.3.105,66405,615.55,6848.573271477142
86000,SAT_51809,STARLINK-3607,SAT,-1494835.82,5557049.3,3830847.04,541.53,-1,10.0.3.44,51809,622.91,6913.083255340002
87000,SAT_67311,STARLINK-36495,SAT,-1725327.21,5592451.21,3572981.69,484.69,-1,10.0.3.246,67311,513.74,6857.0009971467925
87000,SAT_56544,STARLINK-6226,SAT,-1676361.04,5803010.33,3372251.73,544.85,-1,10.0.3.189,56544,548.43,6917.889631744972
87000,SAT_64921,STARLINK-34699,SAT,-1808648.33,5683032.12,3367194.25,475.85,-1,10.0.3.151,64921,567.19,6848.799893105108
87000,SAT_55452,STARLINK-5683,SAT,-1536055.07,5803938.05,3467046.71,560.16,-1,10.0.3.117,55452,570.79,6932.934079856257
87000,SAT_57919,STARLINK-30496,SAT,-1802091.88,5563978.21,3637640.92,515.36,-1,10.0.3.34,57919,580.76,6887.511896771953
87000,SAT_67334,STARLINK-35343,SAT,-1795146.57,5586407.1,3546439.72,483.82,-1,10.0.3.14,67334,586.83,6856.2183587096215
87000,SAT_62528,STARLINK-32786,SAT,-1279282.41,5802734.89,3422191.02,484.3,-1,10.0.3.53,62528,588.08,6857.090276897874
87000,SAT_56555,STARLINK-6252,SAT,-1880437.19,5802079.18,3255380.32,540.21,-1,10.0.3.200,56555,601.63,6913.58574578835
87000,SAT_66405,STARLINK-35683,SAT,-1582392.6,5588580.85,3628616.56,476.47,-1,10.0.3.105,66405,615.55,6848.580903882767
87000,SAT_51809,STARLINK-3607,SAT,-1498944.93,5552905.75,3835233.35,541.54,-1,10.0.3.44,51809,622.91,6913.075510979755
88000,SAT_67311,STARLINK-36495,SAT,-1730558.62,5588685.51,3576332.84,484.7,-1,10.0.3.246,67311,513.74,6856.996095186487
88000,SAT_56544,STARLINK-6226,SAT,-1682609.96,5803310.49,3368629.82,544.84,-1,10.0.3.189,56544,548.43,6917.893883620106
88000,SAT_64921,STARLINK-34699,SAT,-1812412.56,5678967.2,3372008.19,475.86,-1,10.0.3.151,64921,567.19,6848.791643768167
88000,SAT_55452,STARLINK-5683,SAT,-1541303.15,5800440.04,3470560.45,560.17,-1,10.0.3.117,55452,570.79,6932.929387707575
88000,SAT_57919,STARLINK-30496,SAT,-1807290.94,5560140.36,3640919.24,515.37,-1,10.0.3.34,57919,580.76,6887.507116287372
88000,SAT_67334,STARLINK-35343,SAT,-1801572.82,5586494.53,3543050.32,483.82,-1,10.0.3.14,67334,586.83,6856.222817961416
88000,SAT_62528,STARLINK-32786,SAT,-1285585.18,5803436.92,3418645.98,484.29,-1,10.0.3.53,62528,588.08,6857.094842280138
88000,SAT_56555,STARLINK-6252,SAT,-1886621.47,5802178.39,3251632.64,540.2,-1,10.0.3.200,56555,601.63,6913.590200898613
88000,SAT_66405,STARLINK-35683,SAT,-1587956.57,5589981.17,3624040.49,476.46,-1,10.0.3.105,66405,615.55,6848.58854234361
88000,SAT_51809,STARLINK-3607,SAT,-1503052.84,5548756.14,3839615.02,541.55,-1,10.0.3.44,51809,622.91,6913.067773632005
89000,SAT_67311,STARLINK-36495,SAT,-1735788.45,5584913.7,3579679.56,484.7,-1,10.0.3.246,67311,513.74,6856.991201094172
89000,SAT_56544,STARLINK-6226,SAT,-1688856.83,5803604.61,3365003.84,544.84,-1,10.0.3.189,56544,548.43,6917.898142114095
89000,SAT_64921,STARLINK-34699,SAT,-1816175.15,5674895.81,3376817.94,475.86,-1,10.0.3.151,64921,567.19,6848.783397782334
89000,SAT_55452,STARLINK-5683,SAT,-1546549.91,5796935.9,3474070.04,560.18,-1,10.0.3.117,55452,570.79,6932.924714408446
89000,SAT_57919,STARLINK-30496,SAT,-1812488.36,5556296.52,3644193.1,515.37,-1,10.0.3.34,57919,580.76,6887.5023356357
89000,SAT_67334,STARLINK-35343,SAT,-1807996.84,5586576.02,3539656.54,483.81,-1,10.0.3.14,67334,586.83,6856.227287791281
89000,SAT_62528,STARLINK-32786,SAT,-1291886.27,5804132.72,3415096.71,484.28,-1,10.0.3.53,62528,588.08,6857.099408980588
89000,SAT_56555,STARLINK-6252,SAT,-1892803.47,5802271.54,3247881.02,540.19,-1,10.0.3.200,56555,601.63,6913.59465979994
89000,SAT_66405,STARLINK-35683,SAT,-1593518.38,5591375.4,3619459.91,476.45,-1,10.0.3.105,66405,615.55,6848.596186899926
89000,SAT_51809,STARLINK-3607,SAT,-1507159.55,5544600.47,3843992.05,541.56,-1,10.0.3.44,51809,622.91,6913.060043247391
90000,SAT_67311,STARLINK-36495,SAT,-1741016.7,5581135.78,3583021.84,484.71,-1,10.0.3.246,67311,513.74,6856.98630962554
90000,SAT_56544,STARLINK-6226,SAT,-1695101.62,5803892.68,3361373.8,544.83,-1,10.0.3.189,56544,548.43,6917.902396421234
90000,SAT_64921,STARLINK-34699,SAT,-1819936.09,5670817.97,3381623.49,475.87,-1,10.0.3.151,64921,567.19,6848.775164120895
90000,SAT_55452,STARLINK-5683,SAT,-1551795.34,5793425.62,3477575.46,560.18,-1,10.0.3.117,55452,570.79,6932.9200393277515
90000,SAT_57919,STARLINK-30496,SAT,-1817684.15,5552446.7,3647462.51,515.38,-1,10.0.3.34,57919,580.76,6887.497570769634
90000,SAT_67334,STARLINK-35343,SAT,-1814418.62,5586651.58,3536258.37,483.8,-1,10.0.3.14,67334,586.83,6856.231768567502
90000,SAT_62528,STARLINK-32786,SAT,-1298185.66,5804822.31,3411543.2,484.28,-1,10.0.3.53,62528,588.08,6857.103985209033
90000,SAT_56555,STARLINK-6252,SAT,-1898983.18,5802358.62,3244125.47,540.19,-1,10.0.3.200,56555,601.63,6913.599116098209
90000,SAT_66405,STARLINK-35683,SAT,-1599078.01,5592763.53,3614874.83,476.44,-1,10.0.3.105,66405,615.55,6848.603830061362
90000,SAT_51809,STARLINK-3607,SAT,-1511265.05,5540438.74,3848364.43,541.56,-1,10.0.3.44,51809,622.91,6913.052312049543
91000,SAT_67311,STARLINK-36495,SAT,-1746243.36,5577351.76,3586359.68,484.71,-1,10.0.3.246,67311,513.74,6856.981426360209
91000,SAT_56544,STARLINK-6226,SAT,-1701344.34,5804174.71,3357739.7,544.82,-1,10.0.3.189,56544,548.43,6917.90665739353
91000,SAT_64921,STARLINK-34699,SAT,-1823695.37,5666733.67,3386424.84,475.88,-1,10.0.3.151,64921,567.19,6848.766931808976
91000,SAT_55452,STARLINK-5683,SAT,-1557039.43,5789909.2,3481076.71,560.19,-1,10.0.3.117,55452,570.79,6932.915360201925
91000,SAT_57919,STARLINK-30496,SAT,-1822878.28,5548590.89,3650727.46,515.38,-1,10.0.3.34,57919,580.76,6887.492800394408
91000,SAT_67334,STARLINK-35343,SAT,-1820838.16,5586721.19,3532855.81,483.8,-1,10.0.3.14,67334,586.83,6856.236244030537
91000,SAT_62528,STARLINK-32786,SAT,-1304483.36,5805505.66,3407985.47,484.27,-1,10.0.3.53,62528,588.08,6857.108557441689
91000,SAT_56555,STARLINK-6252,SAT,-1905160.6,5802439.63,3240366.0,540.18,-1,10.0.3.200,56555,601.63,6913.603574514733
91000,SAT_66405,STARLINK-35683,SAT,-1604635.47,5594145.57,3610285.25,476.44,-1,10.0.3.105,66405,615.55,6848.611482359056
91000,SAT_51809,STARLINK-3607,SAT,-1515369.36,5536270.96,3852732.17,541.57,-1,10.0.3.44,51809,622.91,6913.0445979697715
92000,SAT_67311,STARLINK-36495,SAT,-1751468.42,5573561.63,3589693.07,484.72,-1,10.0.3.246,67311,513.74,6856.9765353595585
92000,SAT_56544,STARLINK-6226,SAT,-1707584.99,5804450.7,3354101.55,544.82,-1,10.0.3.189,56544,548.43,6917.9109299351485
92000,SAT_64921,STARLINK-34699,SAT,-1827453.0,5662642.92,3391221.97,475.88,-1,10.0.3.151,64921,567.19,6848.758701870421
92000,SAT_55452,STARLINK-5683,SAT,-1562282.19,5786386.66,3484573.79,560.19,-1,10.0.3.117,55452,570.79,6932.910695961121
92000,SAT_57919,STARLINK-30496,SAT,-1828070.77,5544729.1,3653987.94,515.39,-1,10.0.3.34,57919,580.76,6887.488032525403
92000,SAT_67334,STARLINK-35343,SAT,-1827255.44,5586784.86,3529448.87,483.79,-1,10.0.3.14,67334,586.83,6856.240722209153
92000,SAT_62528,STARLINK-32786,SAT,-1310779.35,5806182.8,3404423.51,484.27,-1,10.0.3.53,62528,588.08,6857.113142339346
92000,SAT_56555,STARLINK-6252,SAT,-1911335.73,5802514.58,3236602.61,540.17,-1,10.0.3.200,56555,601.63,6913.6080434854
92000,SAT_66405,STARLINK-35683,SAT,-1610190.75,5595521.51,3605691.19,476.43,-1,10.0.3.105,66405,615.55,6848.619143878703
92000,SAT_51809,STARLINK-3607,SAT,-1519472.45,5532097.13,3857095.24,541.58,-1,10.0.3.44,51809,622.91,6913.036877703887
93000,SAT_67311,STARLINK-36495,SAT,-1756691.88,5569765.41,3593022.02,484.73,-1,10.0.3.246,67311,513.74,6856.971658093336
93000,SAT_56544,STARLINK-6226,SAT,-1713823.54,5804720.64,3350459.35,544.81,-1,10.0.3.189,56544,548.43,6917.915198287888
93000,SAT_64921,STARLINK-34699,SAT,-1831208.97,5658545.72,3396014.88,475.89,-1,10.0.3.151,64921,567.19,6848.750471605766
93000,SAT_55452,STARLINK-5683,SAT,-1567523.6,5782858.0,3488066.69,560.2,-1,10.0.3.117,55452,570.79,6932.906037053186
93000,SAT_57919,STARLINK-30496,SAT,-1833261.61,5540861.33,3657243.96,515.4,-1,10.0.3.34,57919,580.76,6887.4832698123955
93000,SAT_67334,STARLINK-35343,SAT,-1833670.47,5586842.6,3526037.56,483.78,-1,10.0.3.14,67334,586.83,6856.24521908716
93000,SAT_62528,STARLINK-32786,SAT,-1317073.64,5806853.7,3400857.33,484.26,-1,10.0.3.53,62528,588.08,6857.117721419203
93000,SAT_56555,STARLINK-6252,SAT,-1917508.55,5802583.46,3232835.3,540.17,-1,10.0.3.200,56555,601.63,6913.612509138386
93000,SAT_66405,STARLINK-35683,SAT,-1615743.84,5596891.35,3601092.64,476.42,-1,10.0.3.105,66405,615.55,6848.626807036936
93000,SAT_51809,STARLINK-3607,SAT,-1523574.33,5527917.26,3861453.65,541.59,-1,10.0.3.44,51809,622.91,6913.0291669816625
94000,SAT_67311,STARLINK-36495,SAT,-1761913.74,5565963.1,3596346.52,484.73,-1,10.0.3.246,67311,513.74,6856.9667893084115
94000,SAT_56544,STARLINK-6226,SAT,-1720060.01,5804984.53,3346813.11,544.8,-1,10.0.3.189,56544,548.43,6917.919472269708
94000,SAT_64921,STARLINK-34699,SAT,-1834963.28,5654442.08,3400803.57,475.9,-1,10.0.3.151,64921,567.19,6848.74224925627
94000,SAT_55452,STARLINK-5683,SAT,-1572763.65,5779323.22,3491555.41,560.21,-1,10.0.3.117,55452,570.79,6932.901381174605
94000,SAT_57919,STARLINK-30496,SAT,-1838450.78,5536987.6,3660495.5,515.4,-1,10.0.3.34,57919,580.76,6887.478512384384
94000,SAT_67334,STARLINK-35343,SAT,-1840083.24,5586894.39,3522621.88,483.78,-1,10.0.3.14,67334,586.83,6856.249715740895
94000,SAT_62528,STARLINK-32786,SAT,-1323366.2,5807518.38,3397286.94,484.25,-1,10.0.3.53,62528,588.08,6857.122310855685
94000,SAT_56555,STARLINK-6252,SAT,-1923679.05,5802646.27,3229064.09,540.16,-1,10.0.3.200,56555,601.63,6913.616978071705
94000,SAT_66405,STARLINK-35683,SAT,-1621294.73,5598255.08,3596489.61,476.41,-1,10.0.3.105,66405,615.55,6848.634466600589
94000,SAT_51809,STARLINK-3607,SAT,-1527674.98,5523731.36,3865807.39,541.59,-1,10.0.3.44,51809,622.91,6913.021463769954
95000,SAT_67311,STARLINK-36495,SAT,-1767133.98,5562154.71,3599666.56,484.74,-1,10.0.3.246,67311,513.74,6856.961926715654
95000,SAT_56544,STARLINK-6226,SAT,-1726294.37,5805242.37,3343162.83,544.8,-1,10.0.3.189,56544,548.43,6917.923744464847
95000,SAT_64921,STARLINK-34699,SAT,-1838715.92,5650332.01,3405588.03,475.9,-1,10.0.3.151,64921,567.19,6848.734035409126
95000,SAT_55452,STARLINK-5683,SAT,-1578002.35,5775782.32,3495039.94,560.21,-1,10.0.3.117,55452,570.79,6932.896725527167
95000,SAT_57919,STARLINK-30496,SAT,-1843638.28,5533107.9,3663742.57,515.41,-1,10.0.3.34,57919,580.76,6887.473757463906
95000,SAT_67334,STARLINK-35343,SAT,-1846493.73,5586940.24,3519201.83,483.77,-1,10.0.3.14,67334,586.83,6856.25421498765
95000,SAT_62528,STARLINK-32786,SAT,-1329657.04,5808176.83,3393712.34,484.25,-1,10.0.3.53,62528,588.08,6857.126904122359
95000,SAT_56555,STARLINK-6252,SAT,-1929847.24,5802703.02,3225288.97,540.15,-1,10.0.3.200,56555,601.63,6913.621456809477
95000,SAT_66405,STARLINK-35683,SAT,-1626843.43,5599612.72,3591882.11,476.41,-1,10.0.3.105,66405,615.55,6848.642146576066
95000,SAT_51809,STARLINK-3607,SAT,-1531774.42,5519539.42,3870156.46,541.6,-1,10.0.3.44,51809,622.91,6913.013764457583
96000,SAT_67311,STARLINK-36495,SAT,-1772352.6,5558340.23,3602982.14,484.74,-1,10.0.3.246,67311,513.74,6856.957062161189
96000,SAT_56544,STARLINK-6226,SAT,-1732526.63,5805494.17,3339508.51,544.79,-1,10.0.3.189,56544,548.43,6917.9280257838445
96000,SAT_64921,STARLINK-34699,SAT,-1842466.89,5646215.5,3410368.26,475.91,-1,10.0.3.151,64921,567.19,6848.725821786265
96000,SAT_55452,STARLINK-5683,SAT,-1583239.69,5772235.31,3498520.28,560.22,-1,10.0.3.117,55452,570.79,6932.892076152158
96000,SAT_57919,STARLINK-30496,SAT,-1848824.12,5529222.25,3666985.16,515.41,-1,10.0.3.34,57919,580.76,6887.469018460197
96000,SAT_67334,STARLINK-35343,SAT,-1852901.94,5586980.14,3515777.42,483.76,-1,10.0.3.14,67334,586.83,6856.258713831621
96000,SAT_62528,STARLINK-32786,SAT,-1335946.15,5808829.05,3390133.53,484.24,-1,10.0.3.53,62528,588.08,6857.131499326374
96000,SAT_56555,STARLINK-6252,SAT,-1936013.1,5802753.69,3221509.95,540.15,-1,10.0.3.200,56555,601.63,6913.625927697363
96000,SAT_66405,STARLINK-35683,SAT,-1632389.91,5600964.25,3587270.14,476.4,-1,10.0.3.105,66405,615.55,6848.649823533357
96000,SAT_51809,STARLINK-3607,SAT,-1535872.63,5515341.46,3874500.85,541.61,-1,10.0.3.44,51809,622.91,6913.006074974097
97000,SAT_67311,STARLINK-36495,SAT,-1777569.6,5554519.67,3606293.25,484.75,-1,10.0.3.246,67311,513.74,6856.952198481234
97000,SAT_56544,STARLINK-6226,SAT,-1738756.78,5805739.92,3335850.16,544.78,-1,10.0.3.189,56544,548.43,6917.932310210154
97000,SAT_64921,STARLINK-34699,SAT,-1846216.18,5642092.57,3415144.24,475.92,-1,10.0.3.151,64921,567.19,6848.717612206549
97000,SAT_55452,STARLINK-5683,SAT,-1588475.67,5768682.19,3501996.42,560.23,-1,10.0.3.117,55452,570.79,6932.887427983954
97000,SAT_57919,STARLINK-30496,SAT,-1854008.27,5525330.63,3670223.27,515.42,-1,10.0.3.34,57919,580.76,6887.464271246282
97000,SAT_67334,STARLINK-35343,SAT,-1859307.87,5587014.11,3512348.65,483.76,-1,10.0.3.14,67334,586.83,6856.263228606371
97000,SAT_62528,STARLINK-32786,SAT,-1342233.51,5809475.04,3386550.52,484.23,-1,10.0.3.53,62528,588.08,6857.136097545549
97000,SAT_56555,STARLINK-6252,SAT,-1942176.63,5802798.3,3217727.03,540.14,-1,10.0.3.200,56555,601.63,6913.630407549544
97000,SAT_66405,STARLINK-35683,SAT,-1637934.19,5602309.67,3582653.71,476.39,-1,10.0.3.105,66405,615.55,6848.65750750636
97000,SAT_51809,STARLINK-3607,SAT,-1539969.61,5511137.47,3878840.56,541.61,-1,10.0.3.44,51809,622.91,6912.998387303635
98000,SAT_67311,STARLINK-36495,SAT,-1782784.97,5550693.04,3609599.9,484.76,-1,10.0.3.246,67311,513.74,6856.947346424818
98000,SAT_56544,STARLINK-6226,SAT,-1744984.81,5805979.62,3332187.79,544.78,-1,10.0.3.189,56544,548.43,6917.936600086125
98000,SAT_64921,STARLINK-34699,SAT,-1849963.8,5637963.22,3419915.97,475.92,-1,10.0.3.151,64921,567.19,6848.709409315324
98000,SAT_55452,STARLINK-5683,SAT,-1593710.27,5765122.97,3505468.37,560.23,-1,10.0.3.117,55452,570.79,6932.882789792104
98000,SAT_57919,STARLINK-30496,SAT,-1859190.74,5521433.07,3673456.89,515.43,-1,10.0.3.34,57919,580.76,6887.459537222694
98000,SAT_67334,STARLINK-35343,SAT,-1865711.5,5587042.13,3508915.53,483.75,-1,10.0.3.14,67334,586.83,6856.267742752056
98000,SAT_62528,STARLINK-32786,SAT,-1348519.14,5810114.79,3382963.31,484.23,-1,10.0.3.53,62528,588.08,6857.140694249261
98000,SAT_56555,STARLINK-6252,SAT,-1948337.82,5802836.84,3213940.22,540.14,-1,10.0.3.200,56555,601.63,6913.634889856216
98000,SAT_66405,STARLINK-35683,SAT,-1643476.24,5603648.98,3578032.82,476.38,-1,10.0.3.105,66405,615.55,6848.6651913709975
98000,SAT_51809,STARLINK-3607,SAT,-1544065.35,5506927.47,3883175.57,541.62,-1,10.0.3.44,51809,622.91,6912.990703910721
99000,SAT_67311,STARLINK-36495,SAT,-1787998.7,5546860.34,3612902.07,484.76,-1,10.0.3.246,67311,513.74,6856.942492837233
99000,SAT_56544,STARLINK-6226,SAT,-1751210.71,5806213.27,3328521.39,544.77,-1,10.0.3.189,56544,548.43,6917.94088809888
99000,SAT_64921,STARLINK-34699,SAT,-1853709.73,5633827.45,3424683.45,475.93,-1,10.0.3.151,64921,567.19,6848.7012076870515
99000,SAT_55452,STARLINK-5683,SAT,-1598943.49,5761557.64,3508936.11,560.24,-1,10.0.3.117,55452,570.79,6932.878143117596
99000,SAT_57919,STARLINK-30496,SAT,-1864371.53,5517529.56,3676686.01,515.43,-1,10.0.3.34,57919,580.76,6887.454803008006
99000,SAT_67334,STARLINK-35343,SAT,-1872112.84,5587064.21,3505478.05,483.74,-1,10.0.3.14,67334,586.83,6856.272262052286
99000,SAT_62528,STARLINK-32786,SAT,-1354803.01,5810748.32,3379371.91,484.22,-1,10.0.3.53,62528,588.08,6857.14530547406
99000,SAT_56555,STARLINK-6252,SAT,-1954496.67,5802869.31,3210149.53,540.13,-1,10.0.3.200,56555,601.63,6913.6393792951185
99000,SAT_66405,STARLINK-35683,SAT,-1649016.08,5604982.18,3573407.48,476.38,-1,10.0.3.105,66405,615.55,6848.6728851899525
99000,SAT_51809,STARLINK-3607,SAT,-1548159.85,5502711.45,3887505.9,541.63,-1,10.0.3.44,51809,622.91,6912.983028016772
100000,SAT_67311,STARLINK-36495,SAT,-1793210.79,5543021.57,3616199.77,484.77,-1,10.0.3.246,67311,513.74,6856.937642957368
100000,SAT_56544,STARLINK-6226,SAT,-1757434.48,5806440.87,3324850.98,544.76,-1,10.0.3.189,56544,548.43,6917.945183904408
100000,SAT_64921,STARLINK-34699,SAT,-1857453.98,5629685.27,3429446.67,475.94,-1,10.0.3.151,64921,567.19,6848.693013228649
100000,SAT_55452,STARLINK-5683,SAT,-1604175.33,5757986.23,3512399.65,560.24,-1,10.0.3.117,55452,570.79,6932.873517926772
100000,SAT_57919,STARLINK-30496,SAT,-1869550.62,5513620.1,3679910.64,515.44,-1,10.0.3.34,57919,580.76,6887.45006851241
100000,SAT_67334,STARLINK-35343,SAT,-1878511.87,5587080.35,3502036.23,483.74,-1,10.0.3.14,67334,586.83,6856.276791329214
100000,SAT_62528,STARLINK-32786,SAT,-1361085.12,5811375.6,3375776.33,484.21,-1,10.0.3.53,62528,588.08,6857.149910739085
100000,SAT_56555,STARLINK-6252,SAT,-1960653.17,5802895.72,3206354.95,540.12,-1,10.0.3.200,56555,601.63,6913.643876828982
100000,SAT_66405,STARLINK-35683,SAT,-1654553.68,5606309.26,3568777.7,476.37,-1,10.0.3.105,66405,615.55,6848.680578825427
100000,SAT_51809,STARLINK-3607,SAT,-1552253.11,5498489.43,3891831.52,541.64,-1,10.0.3.44,51809,622.91,6912.975358656496
101000,SAT_67311,STARLINK-36495,SAT,-1798421.24,5539176.75,3619492.98,484.77,-1,10.0.3.246,67311,513.74,6856.932802390073
101000,SAT_56544,STARLINK-6226,SAT,-1763656.11,5806662.42,3321176.55,544.76,-1,10.0.3.189,56544,548.43,6917.949480189233
101000,SAT_64921,STARLINK-34699,SAT,-1861196.53,5625536.68,3434205.62,475.94,-1,10.0.3.151,64921,567.19,6848.684815477278
101000,SAT_55452,STARLINK-5683,SAT,-1609405.78,5754408.72,3515858.97,560.25,-1,10.0.3.117,55452,570.79,6932.86888513254
101000,SAT_57919,STARLINK-30496,SAT,-1874728.01,5509704.71,3683130.78,515.44,-1,10.0.3.34,57919,580.76,6887.445349725699
101000,SAT_67334,STARLINK-35343,SAT,-1884908.58,5587090.54,3498590.07,483.73,-1,10.0.3.14,67334,586.83,6856.281319710978
101000,SAT_62528,STARLINK-32786,SAT,-1367365.47,5811996.66,3372176.55,484.21,-1,10.0.3.53,62528,588.08,6857.154525659267
101000,SAT_56555,STARLINK-6252,SAT,-1966807.31,5802916.05,3202556.5,540.12,-1,10.0.3.200,56555,601.63,6913.648372148333
101000,SAT_66405,STARLINK-35683,SAT,-1660089.04,5607630.23,3564143.48,476.36,-1,10.0.3.105,66405,615.55,6848.688280478569
101000,SAT_51809,STARLINK-3607,SAT,-1556345.13,5494261.4,3896152.44,541.64,-1,10.0.3.44,51809,622.91,6912.9676934673025
102000,SAT_67311,STARLINK-36495,SAT,-1803630.04,5535325.87,3622781.71,484.78,-1,10.0.3.246,67311,513.74,6856.927965684938
102000,SAT_56544,STARLINK-6226,SAT,-1769875.6,5806877.92,3317498.12,544.75,-1,10.0.3.189,56544,548.43,6917.953786594879
102000,SAT_64921,STARLINK-34699,SAT,-1864937.4,5621381.68,3438960.3,475.95,-1,10.0.3.151,64921,567.19,6848.6766198393725
102000,SAT_55452,STARLINK-5683,SAT,-1614634.84,5750825.12,3519314.08,560.26,-1,10.0.3.117,55452,570.79,6932.8642580863425
102000,SAT_57919,STARLINK-30496,SAT,-1879903.7,5505783.39,3686346.4,515.45,-1,10.0.3.34,57919,580.76,6887.440630572908
102000,SAT_67334,STARLINK-35343,SAT,-1891302.97,5587094.79,3495139.57,483.72,-1,10.0.3.14,67334,586.83,6856.285855370657
102000,SAT_62528,STARLINK-32786,SAT,-1373644.04,5812611.47,3368572.6,484.2,-1,10.0.3.53,62528,588.08,6857.159135624158
102000,SAT_56555,STARLINK-6252,SAT,-1972959.08,5802930.31,3198754.17,540.11,-1,10.0.3.200,56555,601.63,6913.652866189012
102000,SAT_66405,STARLINK-35683,SAT,-1665622.16,5608945.08,3559504.83,476.35,-1,10.0.3.105,66405,615.55,6848.695987203155
102000,SAT_51809,STARLINK-3607,SAT,-1560435.89,5490027.37,3900468.64,541.65,-1,10.0.3.44,51809,622.91,6912.96002460398
103000,SAT_67311,STARLINK-36495,SAT,-1808837.17,5531468.93,3626065.95,484.79,-1,10.0.3.246,67311,513.74,6856.923122281477
103000,SAT_56544,STARLINK-6226,SAT,-1776092.93,5807087.36,3313815.68,544.75,-1,10.0.3.189,56544,548.43,6917.9580848456735
103000,SAT_64921,STARLINK-34699,SAT,-1868676.57,5617220.29,3443710.7,475.96,-1,10.0.3.151,64921,567.19,6848.668432253758
103000,SAT_55452,STARLINK-5683,SAT,-1619862.5,5747235.44,3522764.97,560.26,-1,10.0.3.117,55452,570.79,6932.859637664486
103000,SAT_57919,STARLINK-30496,SAT,-1885077.68,5501856.13,3689557.53,515.46,-1,10.0.3.34,57919,580.76,6887.435916364845
103000,SAT_67334,STARLINK-35343,SAT,-1897695.03,5587093.09,3491684.74,483.72,-1,10.0.3.14,67334,586.83,6856.290392534532
103000,SAT_62528,STARLINK-32786,SAT,-1379920.83,5813220.05,3364964.48,484.19,-1,10.0.3.53,62528,588.08,6857.1637575933355
103000,SAT_56555,STARLINK-6252,SAT,-1979108.49,5802938.5,3194947.97,540.1,-1,10.0.3.200,56555,601.63,6913.657366472498
103000,SAT_66405,STARLINK-35683,SAT,-1671153.04,5610253.82,3554861.75,476.35,-1,10.0.3.105,66405,615.55,6848.703707238246
103000,SAT_51809,STARLINK-3607,SAT,-1564525.4,5485787.36,3904780.14,541.66,-1,10.0.3.44,51809,622.91,6912.952381444512
104000,SAT_67311,STARLINK-36495,SAT,-1814042.65,5527605.96,3629345.7,484.79,-1,10.0.3.246,67311,513.74,6856.918301624647
104000,SAT_56544,STARLINK-6226,SAT,-1782308.1,5807290.76,3310129.24,544.74,-1,10.0.3.189,56544,548.43,6917.962396544952
104000,SAT_64921,STARLINK-34699,SAT,-1872414.03,5613052.51,3448456.82,475.96,-1,10.0.3.151,64921,567.19,6848.660249943973
104000,SAT_55452,STARLINK-5683,SAT,-1625088.75,5743639.69,3526211.64,560.27,-1,10.0.3.117,55452,570.79,6932.855029783282
104000,SAT_57919,STARLINK-30496,SAT,-1890249.94,5497922.95,3692764.14,515.46,-1,10.0.3.34,57919,580.76,6887.431204264522
104000,SAT_67334,STARLINK-35343,SAT,-1904084.76,5587085.45,3488225.58,483.71,-1,10.0.3.14,67334,586.83,6856.294939384704
104000,SAT_62528,STARLINK-32786,SAT,-1386195.84,5813822.4,3361352.18,484.19,-1,10.0.3.53,62528,588.08,6857.168386700579
104000,SAT_56555,STARLINK-6252,SAT,-1985255.51,5802940.61,3191137.91,540.1,-1,10.0.3.200,56555,601.63,6913.661860679311
104000,SAT_66405,STARLINK-35683,SAT,-1676681.66,5611556.43,3550214.25,476.34,-1,10.0.3.105,66405,615.55,6848.711424564314
104000,SAT_51809,STARLINK-3607,SAT,-1568613.65,5481541.35,3909086.91,541.67,-1,10.0.3.44,51809,622.91,6912.9447288879355
105000,SAT_67311,STARLINK-36495,SAT,-1819246.46,5523736.94,3632620.95,484.8,-1,10.0.3.246,67311,513.74,6856.913476989629
105000,SAT_56544,STARLINK-6226,SAT,-1788521.11,5807488.1,3306438.8,544.73,-1,10.0.3.189,56544,548.43,6917.966704943199
105000,SAT_64921,STARLINK-34699,SAT,-1876149.8,5608878.34,3453198.66,475.97,-1,10.0.3.151,64921,567.19,6848.652078357243
105000,SAT_55452,STARLINK-5683,SAT,-1630313.59,5740037.85,3529654.07,560.27,-1,10.0.3.117,55452,570.79,6932.850407663422
105000,SAT_57919,STARLINK-30496,SAT,-1895420.48,5493983.85,3695966.23,515.47,-1,10.0.3.34,57919,580.76,6887.426494225885
105000,SAT_67334,STARLINK-35343,SAT,-1910472.15,5587071.86,3484762.1,483.71,-1,10.0.3.14,67334,586.83,6856.299490127739
105000,SAT_62528,STARLINK-32786,SAT,-1392469.05,5814418.5,3357735.72,484.18,-1,10.0.3.53,62528,588.08,6857.173011796775
105000,SAT_56555,STARLINK-6252,SAT,-1991400.16,5802936.66,3187323.99,540.09,-1,10.0.3.200,56555,601.63,6913.6663713582175
105000,SAT_66405,STARLINK-35683,SAT,-1682208.02,5612852.91,3545562.33,476.33,-1,10.0.3.105,66405,615.55,6848.719139208646
105000,SAT_51809,STARLINK-3607,SAT,-1572700.64,5477289.36,3913388.96,541.67,-1,10.0.3.44,51809,622.91,6912.937088421643
106000,SAT_67311,STARLINK-36495,SAT,-1824448.59,5519861.88,3635891.7,484.8,-1,10.0.3.246,67311,513.74,6856.908653756371
106000,SAT_56544,STARLINK-6226,SAT,-1794731.95,5807679.39,3302744.38,544.73,-1,10.0.3.189,56544,548.43,6917.971025452704
106000,SAT_64921,STARLINK-34699,SAT,-1879883.85,5604697.79,3457936.19,475.98,-1,10.0.3.151,64921,567.19,6848.643902323542
106000,SAT_55452,STARLINK-5683,SAT,-1635537.02,5736429.95,3533092.28,560.28,-1,10.0.3.117,55452,570.79,6932.845806308047
106000,SAT_57919,STARLINK-30496,SAT,-1900589.3,5490038.84,3699163.81,515.47,-1,10.0.3.34,57919,580.76,6887.421799570341
106000,SAT_67334,STARLINK-35343,SAT,-1916857.18,5587052.33,3481294.3,483.7,-1,10.0.3.14,67334,586.83,6856.304047363162
106000,SAT_62528,STARLINK-32786,SAT,-1398740.47,5815008.36,3354115.1,484.17,-1,10.0.3.53,62528,588.08,6857.177643413777
106000,SAT_56555,STARLINK-6252,SAT,-1997542.41,5802926.64,3183506.22,540.08,-1,10.0.3.200,56555,601.63,6913.670886131982
106000,SAT_66405,STARLINK-35683,SAT,-1687732.11,5614143.28,3540906.01,476.33,-1,10.0.3.105,66405,615.55,6848.726875496521
106000,SAT_51809,STARLINK-3607,SAT,-1576786.36,5473031.4,3917686.27,541.68,-1,10.0.3.44,51809,622.91,6912.929454335154
107000,SAT_67311,STARLINK-36495,SAT,-1829649.05,5515980.79,3639157.94,484.81,-1,10.0.3.246,67311,513.74,6856.903837307328
107000,SAT_56544,STARLINK-6226,SAT,-1800940.61,5807864.62,3299045.97,544.72,-1,10.0.3.189,56544,548.43,6917.975342335946
107000,SAT_64921,STARLINK-34699,SAT,-1883616.19,5600510.86,3462669.42,475.98,-1,10.0.3.151,64921,567.19,6848.635729574992
107000,SAT_55452,STARLINK-5683,SAT,-1640759.03,5732815.98,3536526.25,560.29,-1,10.0.3.117,55452,570.79,6932.841204874735
107000,SAT_57919,STARLINK-30496,SAT,-1905756.38,5486087.91,3702356.86,515.48,-1,10.0.3.34,57919,580.76,6887.417096048992
107000,SAT_67334,STARLINK-35343,SAT,-1923239.86,5587026.85,3477822.18,483.69,-1,10.0.3.14,67334,586.83,6856.308605759639
107000,SAT_62528,STARLINK-32786,SAT,-1405010.07,5815591.98,3350490.32,484.17,-1,10.0.3.53,62528,588.08,6857.182275472589
107000,SAT_56555,STARLINK-6252,SAT,-2003682.27,5802910.54,3179684.59,540.08,-1,10.0.3.200,56555,601.63,6913.675394913975
107000,SAT_66405,STARLINK-35683,SAT,-1693253.94,5615427.51,3536245.28,476.32,-1,10.0.3.105,66405,615.55,6848.73460616723
107000,SAT_51809,STARLINK-3607,SAT,-1580870.81,5468767.46,3921978.85,541.69,-1,10.0.3.44,51809,622.91,6912.921824331028
108000,SAT_67311,STARLINK-36495,SAT,-1834847.82,5512093.67,3642419.68,484.82,-1,10.0.3.246,67311,513.74,6856.899027597251
108000,SAT_56544,STARLINK-6226,SAT,-1807147.09,5808043.8,3295343.57,544.71,-1,10.0.3.189,56544,548.43,6917.979664031563
108000,SAT_64921,STARLINK-34699,SAT,-1887346.82,5596317.56,3467398.35,475.99,-1,10.0.3.151,64921,567.19,6848.627568273163
108000,SAT_55452,STARLINK-5683,SAT,-1645979.62,5729195.94,3539955.98,560.29,-1,10.0.3.117,55452,570.79,6932.836603346828
108000,SAT_57919,STARLINK-30496,SAT,-1910921.73,5482131.08,3705545.39,515.49,-1,10.0.3.34,57919,580.76,6887.412407707151
108000,SAT_67334,STARLINK-35343,SAT,-1929620.18,5586995.42,3474345.75,483.69,-1,10.0.3.14,67334,586.83,6856.313167636617
108000,SAT_62528,STARLINK-32786,SAT,-1411277.87,5816169.36,3346861.38,484.16,-1,10.0.3.53,62528,588.08,6857.186912101059
108000,SAT_56555,STARLINK-6252,SAT,-2009819.72,5802888.37,3175859.12,540.07,-1,10.0.3.200,56555,601.63,6913.679909546674
108000,SAT_66405,STARLINK-35683,SAT,-1698773.48,5616705.61,3531580.15,476.31,-1,10.0.3.105,66405,615.55,6848.742337220083
108000,SAT_51809,STARLINK-3607,SAT,-1584953.98,5464497.55,3926266.69,541.7,-1,10.0.3.44,51809,622.91,6912.91419834482
109000,SAT_67311,STARLINK-36495,SAT,-1840044.9,5508200.53,3645676.9,484.82,-1,10.0.3.246,67311,513.74,6856.894222014943
109000,SAT_56544,STARLINK-6226,SAT,-1813351.37,5808216.92,3291637.2,544.71,-1,10.0.3.189,56544,548.43,6917.983986486164
109000,SAT_64921,STARLINK-34699,SAT,-1891075.73,5592117.89,3472122.96,476.0,-1,10.0.3.151,64921,567.19,6848.6194055161395
109000,SAT_55452,STARLINK-5683,SAT,-1651198.77,5725569.85,3543381.46,560.3,-1,10.0.3.117,55452,570.79,6932.832008375096
109000,SAT_57919,STARLINK-30496,SAT,-1916085.33,5478168.35,3708729.38,515.49,-1,10.0.3.34,57919,580.76,6887.407718209959
109000,SAT_67334,STARLINK-35343,SAT,-1935998.13,5586958.05,3470865.01,483.68,-1,10.0.3.14,67334,586.83,6856.3177383684315
109000,SAT_62528,STARLINK-32786,SAT,-1417543.84,5816740.49,3343228.3,484.16,-1,10.0.3.53,62528,588.08,6857.191548458324
109000,SAT_56555,STARLINK-6252,SAT,-2015954.76,5802860.13,3172029.81,540.06,-1,10.0.3.200,56555,601.63,6913.684430044439
109000,SAT_66405,STARLINK-35683,SAT,-1704290.74,5617977.59,3526910.63,476.3,-1,10.0.3.105,66405,615.55,6848.750084518995
109000,SAT_51809,STARLINK-3607,SAT,-1589035.87,5460221.68,3930549.78,541.7,-1,10.0.3.44,51809,622.91,6912.906578563515
110000,SAT_67311,STARLINK-36495,SAT,-1845240.28,5504301.37,3648929.6,484.83,-1,10.0.3.246,67311,513.74,6856.88941783915
110000,SAT_56544,STARLINK-6226,SAT,-1819553.46,5808383.99,3287926.85,544.7,-1,10.0.3.189,56544,548.43,6917.988315980103
110000,SAT_64921,STARLINK-34699,SAT,-1894802.91,5587911.85,3476843.26,476.0,-1,10.0.3.151,64921,567.19,6848.61124358233
110000,SAT_55452,STARLINK-5683,SAT,-1656416.49,5721937.7,3546802.7,560.31,-1,10.0.3.117,55452,570.79,6932.827419152485
110000,SAT_57919,STARLINK-30496,SAT,-1921247.19,5474199.72,3711908.84,515.5,-1,10.0.3.34,57919,580.76,6887.403035687771
110000,SAT_67334,STARLINK-35343,SAT,-1942373.7,5586914.73,3467379.97,483.67,-1,10.0.3.14,67334,586.83,6856.322312078091
110000,SAT_62528,STARLINK-32786,SAT,-1423807.99,5817305.39,3339591.08,484.15,-1,10.0.3.53,62528,588.08,6857.196203589807
110000,SAT_56555,STARLINK-6252,SAT,-2022087.39,5802825.81,3168196.67,540.06,-1,10.0.3.200,56555,601.63,6913.688952635795
110000,SAT_66405,STARLINK-35683,SAT,-1709805.71,5619243.43,3522236.72,476.3,-1,10.0.3.105,66405,615.55,6848.757829217144
110000,SAT_51809,STARLINK-3607,SAT,-1593116.48,5455939.85,3934828.12,541.71,-1,10.0.3.44,51809,622.91,6912.898964950114
111000,SAT_67311,STARLINK-36495,SAT,-1850433.97,5500396.2,3652177.78,484.83,-1,10.0.3.246,67311,513.74,6856.884625763375
111000,SAT_56544,STARLINK-6226,SAT,-1825753.34,5808545.0,3284212.54,544.69,-1,10.0.3.189,56544,548.43,6917.992648408887
111000,SAT_64921,STARLINK-34699,SAT,-1898528.37,5583699.46,3481559.23,476.01,-1,10.0.3.151,64921,567.19,6848.603091382749
111000,SAT_55452,STARLINK-5683,SAT,-1661632.76,5718299.51,3550219.68,560.31,-1,10.0.3.117,55452,570.79,6932.822837158812
111000,SAT_57919,STARLINK-30496,SAT,-1926407.29,5470225.2,3715083.77,515.5,-1,10.0.3.34,57919,580.76,6887.398362502172
111000,SAT_67334,STARLINK-35343,SAT,-1948746.89,5586865.46,3463890.63,483.67,-1,10.0.3.14,67334,586.83,6856.326888796032
111000,SAT_62528,STARLINK-32786,SAT,-1430070.3,5817864.03,3335949.71,484.14,-1,10.0.3.53,62528,588.08,6857.200843067018
111000,SAT_56555,STARLINK-6252,SAT,-2028217.6,5802785.42,3164359.69,540.05,-1,10.0.3.200,56555,601.63,6913.69347825106
111000,SAT_66405,STARLINK-35683,SAT,-1715318.39,5620503.13,3517558.43,476.29,-1,10.0.3.105,66405,615.55,6848.765576501802
111000,SAT_51809,STARLINK-3607,SAT,-1597195.81,5451652.07,3939101.71,541.72,-1,10.0.3.44,51809,622.91,6912.89136537974
112000,SAT_67311,STARLINK-36495,SAT,-1855625.94,5496485.01,3655421.44,484.84,-1,10.0.3.246,67311,513.74,6856.879829657747
112000,SAT_56544,STARLINK-6226,SAT,-1831951.01,5808699.95,3280494.26,544.69,-1,10.0.3.189,56544,548.43,6917.996979044076
112000,SAT_64921,STARLINK-34699,SAT,-1902252.1,5579480.72,3486270.87,476.02,-1,10.0.3.151,64921,567.19,6848.594946105127
112000,SAT_55452,STARLINK-5683,SAT,-1666847.59,5714655.26,3553632.41,560.32,-1,10.0.3.117,55452,570.79,6932.818253375526
112000,SAT_57919,STARLINK-30496,SAT,-1931565.63,5466244.79,3718254.15,515.51,-1,10.0.3.34,57919,580.76,6887.39368783226
112000,SAT_67334,STARLINK-35343,SAT,-1955117.68,5586810.25,3460396.99,483.66,-1,10.0.3.14,67334,586.83,6856.331471024043
112000,SAT_62528,STARLINK-32786,SAT,-1436330.77,5818416.43,3332304.22,484.14,-1,10.0.3.53,62528,588.08,6857.205498479139
112000,SAT_56555,STARLINK-6252,SAT,-2034345.37,5802738.96,3160518.88,540.05,-1,10.0.3.200,56555,601.63,6913.698005639151
112000,SAT_66405,STARLINK-35683,SAT,-1720828.76,5621756.7,3512875.77,476.28,-1,10.0.3.105,66405,615.55,6848.7733347433195
112000,SAT_51809,STARLINK-3607,SAT,-1601273.84,5447358.34,3943370.53,541.73,-1,10.0.3.44,51809,622.91,6912.883763807141
113000,SAT_67311,STARLINK-36495,SAT,-1860816.21,5492567.82,3658660.56,484.85,-1,10.0.3.246,67311,513.74,6856.875040278759
113000,SAT_56544,STARLINK-6226,SAT,-1838146.46,5808848.85,3276772.03,544.68,-1,10.0.3.189,56544,548.43,6918.0013231530365
113000,SAT_64921,STARLINK-34699,SAT,-1905974.1,5575255.63,3490978.17,476.03,-1,10.0.3.151,64921,567.19,6848.586802628266
113000,SAT_55452,STARLINK-5683,SAT,-1672060.97,5711004.98,3557040.88,560.32,-1,10.0.3.117,55452,570.79,6932.813685003609
113000,SAT_57919,STARLINK-30496,SAT,-1936722.22,5462258.49,3721419.98,515.52,-1,10.0.3.34,57919,580.76,6887.38901446419
113000,SAT_67334,STARLINK-35343,SAT,-1961486.08,5586749.09,3456899.07,483.65,-1,10.0.3.14,67334,586.83,6856.336063585015
113000,SAT_62528,STARLINK-32786,SAT,-1442589.39,5818962.58,3328654.59,484.13,-1,10.0.3.53,62528,588.08,6857.210149551266
113000,SAT_56555,STARLINK-6252,SAT,-2040470.71,5802686.42,3156674.25,540.04,-1,10.0.3.200,56555,601.63,6913.702533941809
113000,SAT_66405,STARLINK-35683,SAT,-1726336.83,5623004.13,3508188.74,476.27,-1,10.0.3.105,66405,615.55,6848.781098273933
113000,SAT_51809,STARLINK-3607,SAT,-1605350.58,5443058.66,3947634.58,541.73,-1,10.0.3.44,51809,622.91,6912.876162504223
114000,SAT_67311,STARLINK-36495,SAT,-1866004.75,5488644.63,3661895.15,484.85,-1,10.0.3.246,67311,513.74,6856.870254791462
114000,SAT_56544,STARLINK-6226,SAT,-1844339.69,5808991.69,3273045.83,544.67,-1,10.0.3.189,56544,548.43,6918.005662897274
114000,SAT_64921,STARLINK-34699,SAT,-1909694.36,5571024.19,3495681.13,476.03,-1,10.0.3.151,64921,567.19,6848.578658146451
114000,SAT_55452,STARLINK-5683,SAT,-1677272.88,5707348.65,3560445.08,560.33,-1,10.0.3.117,55452,570.79,6932.809105574488
114000,SAT_57919,STARLINK-30496,SAT,-1941877.03,5458266.32,3724581.27,515.52,-1,10.0.3.34,57919,580.76,6887.384355219533
114000,SAT_67334,STARLINK-35343,SAT,-1967852.07,5586681.98,3453396.86,483.65,-1,10.0.3.14,67334,586.83,6856.3406557520075
114000,SAT_62528,STARLINK-32786,SAT,-1448846.16,5819502.49,3325000.83,484.12,-1,10.0.3.53,62528,588.08,6857.214809670441
114000,SAT_56555,STARLINK-6252,SAT,-2046593.61,5802627.8,3152825.81,540.03,-1,10.0.3.200,56555,601.63,6913.707064811745
114000,SAT_66405,STARLINK-35683,SAT,-1731842.58,5624245.41,3503497.35,476.27,-1,10.0.3.105,66405,615.55,6848.78885900742
114000,SAT_51809,STARLINK-3607,SAT,-1609426.01,5438753.05,3951893.87,541.74,-1,10.0.3.44,51809,622.91,6912.868578259853
115000,SAT_67311,STARLINK-36495,SAT,-1871191.58,5484715.44,3665125.21,484.86,-1,10.0.3.246,67311,513.74,6856.86547861447
115000,SAT_56544,STARLINK-6226,SAT,-1850530.69,5809128.47,3269315.69,544.67,-1,10.0.3.189,56544,548.43,6918.0100098566345
115000,SAT_64921,STARLINK-34699,SAT,-1913412.88,5566786.42,3500379.75,476.04,-1,10.0.3.151,64921,567.19,6848.57052891013
115000,SAT_55452,STARLINK-5683,SAT,-1682483.34,5703686.29,3563845.01,560.34,-1,10.0.3.117,55452,570.79,6932.804536362858
115000,SAT_57919,STARLINK-30496,SAT,-1947030.06,5454268.28,3727738.0,515.53,-1,10.0.3.34,57919,580.76,6887.379699232631
115000,SAT_67334,STARLINK-35343,SAT,-1974215.65,5586608.92,3449890.37,483.64,-1,10.0.3.14,67334,586.83,6856.345252592464
115000,SAT_62528,STARLINK-32786,SAT,-1455101.07,5820036.14,3321342.96,484.12,-1,10.0.3.53,62528,588.08,6857.219469490735
115000,SAT_56555,STARLINK-6252,SAT,-2052714.06,5802563.12,3148973.55,540.03,-1,10.0.3.200,56555,601.63,6913.711607545213
115000,SAT_66405,STARLINK-35683,SAT,-1737346.01,5625480.56,3498801.59,476.26,-1,10.0.3.105,66405,615.55,6848.796628283495
115000,SAT_51809,STARLINK-3607,SAT,-1613500.15,5434441.5,3956148.37,541.75,-1,10.0.3.44,51809,622.91,6912.860990677154
116000,SAT_67311,STARLINK-36495,SAT,-1876376.67,5480780.26,3668350.72,484.86,-1,10.0.3.246,67311,513.74,6856.8607008638055
116000,SAT_56544,STARLINK-6226,SAT,-1856719.45,5809259.19,3265581.6,544.66,-1,10.0.3.189,56544,548.43,6918.014356653673
116000,SAT_64921,STARLINK-34699,SAT,-1917129.65,5562542.31,3505074.0,476.05,-1,10.0.3.151,64921,567.19,6848.56238862765
116000,SAT_55452,STARLINK-5683,SAT,-1687692.33,5700017.91,3567240.67,560.34,-1,10.0.3.117,55452,570.79,6932.799980726665
116000,SAT_57919,STARLINK-30496,SAT,-1952181.32,5450264.36,3730890.17,515.53,-1,10.0.3.34,57919,580.76,6887.37504138157
116000,SAT_67334,STARLINK-35343,SAT,-1980576.81,5586529.91,3446379.61,483.63,-1,10.0.3.14,67334,586.83,6856.349856290746
116000,SAT_62528,STARLINK-32786,SAT,-1461354.11,5820563.55,3317680.97,484.11,-1,10.0.3.53,62528,588.08,6857.224139045087
116000,SAT_56555,STARLINK-6252,SAT,-2058832.05,5802492.35,3145117.48,540.02,-1,10.0.3.200,56555,601.63,6913.71613858403
116000,SAT_66405,STARLINK-35683,SAT,-1742847.12,5626709.56,3494101.49,476.25,-1,10.0.3.105,66405,615.55,6848.804405055521
116000,SAT_51809,STARLINK-3607,SAT,-1617572.98,5430124.03,3960398.09,541.76,-1,10.0.3.44,51809,622.91,6912.853416505022
117000,SAT_67311,STARLINK-36495,SAT,-1881560.03,5476839.09,3671571.69,484.87,-1,10.0.3.246,67311,513.74,6856.85592958282
117000,SAT_56544,STARLINK-6226,SAT,-1862905.97,5809383.85,3261843.57,544.65,-1,10.0.3.189,56544,548.43,6918.018708044436
117000,SAT_64921,STARLINK-34699,SAT,-1920844.68,5558291.88,3509763.9,476.05,-1,10.0.3.151,64921,567.19,6848.5542665369485
117000,SAT_55452,STARLINK-5683,SAT,-1692899.84,5696343.49,3570632.05,560.35,-1,10.0.3.117,55452,570.79,6932.795414609075
117000,SAT_57919,STARLINK-30496,SAT,-1957330.79,5446254.58,3734037.78,515.54,-1,10.0.3.34,57919,580.76,6887.370391820112
117000,SAT_67334,STARLINK-35343,SAT,-1986935.55,5586444.96,3442864.57,483.63,-1,10.0.3.14,67334,586.83,6856.354470002589
117000,SAT_62528,STARLINK-32786,SAT,-1467605.27,5821084.7,3314014.87,484.1,-1,10.0.3.53,62528,588.08,6857.228804093311
117000,SAT_56555,STARLINK-6252,SAT,-2064947.59,5802415.52,3141257.61,540.01,-1,10.0.3.200,56555,601.63,6913.720690667695
117000,SAT_66405,STARLINK-35683,SAT,-1748345.9,5627932.41,3489397.04,476.25,-1,10.0.3.105,66405,615.55,6848.812181709759
117000,SAT_51809,STARLINK-3607,SAT,-1621644.49,5425800.63,3964643.03,541.76,-1,10.0.3.44,51809,622.91,6912.845845509889
118000,SAT_67311,STARLINK-36495,SAT,-1886741.65,5472891.94,3674788.11,484.88,-1,10.0.3.246,67311,513.74,6856.851164649782
118000,SAT_56544,STARLINK-6226,SAT,-1869090.24,5809502.46,3258101.6,544.65,-1,10.0.3.189,56544,548.43,6918.0230697744755
118000,SAT_64921,STARLINK-34699,SAT,-1924557.95,5554035.12,3514449.44,476.06,-1,10.0.3.151,64921,567.19,6848.546143775183
118000,SAT_55452,STARLINK-5683,SAT,-1698105.87,5692663.06,3574019.15,560.36,-1,10.0.3.117,55452,570.79,6932.790862631278
118000,SAT_57919,STARLINK-30496,SAT,-1962478.47,5442238.94,3737180.82,515.55,-1,10.0.3.34,57919,580.76,6887.365745090189
118000,SAT_67334,STARLINK-35343,SAT,-1993291.85,5586354.05,3439345.26,483.62,-1,10.0.3.14,67334,586.83,6856.3590767048
118000,SAT_62528,STARLINK-32786,SAT,-1473854.55,5821599.6,3310344.66,484.1,-1,10.0.3.53,62528,588.08,6857.233473148364
118000,SAT_56555,STARLINK-6252,SAT,-2071060.65,5802332.6,3137393.93,540.01,-1,10.0.3.200,56555,601.63,6913.725225159156
118000,SAT_66405,STARLINK-35683,SAT,-1753842.34,5629149.12,3484688.25,476.24,-1,10.0.3.105,66405,615.55,6848.819969050253
118000,SAT_51809,STARLINK-3607,SAT,-1625714.69,5421471.32,3968883.17,541.77,-1,10.0.3.44,51809,622.91,6912.838284234167
119000,SAT_67311,STARLINK-36495,SAT,-1891921.53,5468938.81,3677999.97,484.88,-1,10.0.3.246,67311,513.74,6856.846400680254
119000,SAT_56544,STARLINK-6226,SAT,-1875272.25,5809615.0,3254355.7,544.64,-1,10.0.3.189,56544,548.43,6918.027427089861
119000,SAT_64921,STARLINK-34699,SAT,-1928269.47,5549772.04,3519130.6,476.07,-1,10.0.3.151,64921,567.19,6848.538020976171
119000,SAT_55452,STARLINK-5683,SAT,-1703310.43,5688976.61,3577401.97,560.36,-1,10.0.3.117,55452,570.79,6932.786319008669
119000,SAT_57919,STARLINK-30496,SAT,-1967624.35,5438217.44,3740319.3,515.55,-1,10.0.3.34,57919,580.76,6887.3611037454375
119000,SAT_67334,STARLINK-35343,SAT,-1999645.71,5586257.2,3435821.69,483.62,-1,10.0.3.14,67334,586.83,6856.363697729847
119000,SAT_62528,STARLINK-32786,SAT,-1480101.95,5822108.25,3306670.34,484.09,-1,10.0.3.53,62528,588.08,6857.238146261772
119000,SAT_56555,STARLINK-6252,SAT,-2077171.24,5802243.61,3133526.47,540.0,-1,10.0.3.200,56555,601.63,6913.729775472833
119000,SAT_66405,STARLINK-35683,SAT,-1759336.44,5630359.67,3479975.13,476.23,-1,10.0.3.105,66405,615.55,6848.827755761777
119000,SAT_51809,STARLINK-3607,SAT,-1629783.57,5417136.09,3973118.52,541.78,-1,10.0.3.44,51809,622.91,6912.8307281886655
